correctness,confidence,entropy,modified entropy,scaled logits
1,0.999998,-2.841198e-05,-7.799856e-12,13.10917
1,0.9790536,-0.12401539,-0.00062520197,3.8446205
1,0.99999225,-0.0001103022,-7.592542e-11,11.76799
1,0.9990885,-0.0073679145,-1.6430166e-06,6.9995356
1,0.9995252,-0.0043199854,-4.0151616e-07,7.6521196
1,0.99998385,-0.00021132138,-3.7045084e-10,11.033398
1,1.0,-2.3702805e-07,-0.0,inf
1,0.9999995,-9.047228e-06,-2.920055e-13,14.55609
1,0.99999094,-0.00012548607,-1.1257656e-10,11.611643
1,0.9999387,-0.00068801275,-6.5590604e-09,9.700101
1,0.9999995,-9.037072e-06,-3.633774e-13,14.55609
1,0.99999845,-2.2635186e-05,-4.0065364e-12,13.377435
1,0.98894703,-0.061218124,-0.00024446766,4.493942
1,0.9999976,-3.6016667e-05,-7.97968e-12,12.9466505
1,0.9463026,-0.25677314,-0.00464407,2.8691976
1,0.9940363,-0.038508203,-6.530071e-05,5.1160855
1,0.9984741,-0.011723241,-4.4952208e-06,6.483658
1,0.9999697,-0.00039184853,-1.1542178e-09,10.405021
1,0.99949044,-0.0047097444,-4.0238032e-07,7.5814533
1,0.9999991,-1.3727149e-05,-1.1005831e-12,13.927482
1,0.99999964,-4.826483e-06,-1.6419068e-13,14.843773
1,0.9999766,-0.0003095864,-6.92011e-10,10.661699
1,0.9984397,-0.012485497,-4.288114e-06,6.461334
1,0.9987931,-0.010036758,-2.538972e-06,6.7185135
1,0.9996785,-0.002999237,-1.9576261e-07,8.042169
1,0.9999931,-9.5264e-05,-7.3733124e-11,11.881935
1,0.9996853,-0.0029766974,-1.7915032e-07,8.063536
1,0.99992436,-0.00081183726,-1.0987784e-08,9.489472
1,0.9980835,-0.01556877,-5.7274883e-06,6.255322
1,0.9999511,-0.0005975868,-3.213394e-09,9.926179
1,0.99999976,-3.8896683e-06,-7.3084246e-14,15.249238
1,0.99993193,-0.0007744416,-7.479052e-09,9.594928
1,0.99989784,-0.0010914312,-1.83434e-08,9.188845
1,0.9999999,-1.8500984e-06,-1.8023577e-14,15.942385
1,0.9999968,-4.7266745e-05,-1.4051776e-11,12.646545
1,0.9924831,-0.04501865,-0.00011163816,4.8830533
1,0.9997493,-0.002568649,-9.639683e-08,8.291015
1,0.9989753,-0.008841036,-1.6023313e-06,6.8823075
1,0.99999934,-1.018828e-05,-5.1009246e-13,14.237637
1,0.78284794,-0.60162497,-0.09729074,1.2823406
1,0.99999976,-4.8055613e-06,-9.4666937e-14,15.249238
1,0.9999922,-0.00011025721,-8.278877e-11,11.760327
1,0.99999523,-6.784991e-05,-3.4429334e-11,12.253501
1,0.99999154,-0.00011089579,-1.3348131e-10,11.679697
1,0.99386036,-0.038247027,-7.397059e-05,5.086831
1,0.99998987,-0.00014260529,-1.2977872e-10,11.499723
1,0.999961,-0.00048097092,-2.098299e-09,10.152386
1,0.9986811,-0.011497893,-2.6342293e-06,6.6296587
1,0.9997509,-0.0026662187,-8.123464e-08,8.297456
1,0.9999983,-2.5941505e-05,-4.485873e-12,13.268235
1,0.9999834,-0.00022351273,-3.683945e-10,11.004304
0,0.015596936,-0.5280595,-5.928463,-4.144961
1,0.9999952,-7.114719e-05,-3.333327e-11,12.241078
1,0.99999905,-1.5573245e-05,-1.2450147e-12,13.862943
1,0.99999654,-4.6963294e-05,-2.314877e-11,12.575086
1,0.99999034,-0.00013561496,-1.16410534e-10,11.547926
1,0.99999976,-4.650725e-06,-8.787761e-14,15.249238
1,0.9998581,-0.0014510679,-3.715065e-08,8.860114
1,0.99952245,-0.004592925,-3.3703589e-07,7.646359
1,0.9999976,-3.5679594e-05,-8.756157e-12,12.9466505
1,0.9995823,-0.0041054934,-2.6082694e-07,7.780307
1,0.99999905,-1.5252213e-05,-1.0835757e-12,13.862943
1,0.9999999,-2.4659962e-06,-3.1185974e-14,15.942385
1,0.9999008,-0.0011254426,-1.4569263e-08,9.218453
1,1.0,-9.487348e-07,-2.215485e-15,inf
1,0.9998863,-0.0011554682,-2.5561263e-08,9.081608
1,0.99992925,-0.00075821375,-9.7396216e-09,9.556277
1,0.9996818,-0.0029578714,-1.9324013e-07,8.052421
1,0.9998457,-0.0017376415,-3.022738e-08,8.776351
1,0.9999882,-0.00015611807,-2.0817985e-10,11.347254
1,0.9999879,-0.0001582781,-2.4679891e-10,11.322314
1,1.0,-2.411179e-07,-0.0,inf
1,0.9999952,-7.106979e-05,-3.223749e-11,12.241078
1,0.9999975,-3.8809892e-05,-8.764869e-12,12.897861
1,0.9990563,-0.008363234,-1.3738933e-06,6.9647365
1,0.999974,-0.0003322853,-9.586519e-10,10.557864
1,0.99999046,-0.00012787669,-1.459574e-10,11.560349
1,0.999909,-0.0009953545,-1.3365333e-08,9.304381
1,0.99997824,-0.00026913336,-7.927613e-10,10.735613
1,0.9999342,-0.0007945739,-5.558031e-09,9.628772
1,0.99999493,-7.166506e-05,-3.6672092e-11,12.192876
1,0.9950893,-0.035916984,-3.4784745e-05,5.3114147
1,0.9999982,-2.7837501e-05,-4.018732e-12,13.234333
1,0.9999875,-0.00016687161,-2.2912558e-10,11.288412
1,0.99997205,-0.0003558598,-1.0633457e-09,10.484901
1,1.0,-9.2234757e-07,-0.0,inf
1,0.99998665,-0.00018199795,-2.3163758e-10,11.223873
1,0.62693423,-0.66415143,-0.34793687,0.51908696
1,0.99999774,-3.609067e-05,-7.0357387e-12,12.997944
1,0.9999696,-0.00038412603,-1.2537846e-09,10.401092
1,0.99999934,-1.1107291e-05,-7.259159e-13,14.237637
1,0.99999344,-8.8303364e-05,-7.081401e-11,11.935045
1,0.99999666,-5.0267907e-05,-1.4891645e-11,12.610177
1,0.9999898,-0.00014154738,-1.3644676e-10,11.493858
1,0.9999503,-0.00059779553,-3.4955459e-09,9.909249
1,0.9999988,-1.8260458e-05,-1.805564e-12,13.639799
1,0.99997395,-0.00034719586,-8.168737e-10,10.555573
1,0.99782336,-0.016438024,-8.713127e-06,6.127793
1,0.99818146,-0.014545178,-5.3340736e-06,6.3079023
0,0.045434475,-0.18508984,-5.9016047,-3.044985
1,0.99993545,-0.0007172173,-7.604814e-09,9.647978
1,0.9999789,-0.00025523393,-8.345531e-10,10.766214
1,0.999995,-7.2202565e-05,-3.945268e-11,12.204711
1,0.9550335,-0.2448666,-0.0026852216,3.055828
1,0.9999999,-1.8763525e-06,-2.6380133e-14,15.942385
1,0.9997179,-0.0028170752,-1.2345981e-07,8.1729355
1,0.9996534,-0.0033037327,-2.1303072e-07,7.9669895
1,0.99998766,-0.00015967009,-2.617233e-10,11.302801
1,0.9945018,-0.039713502,-4.42561e-05,5.1978264
1,0.9999987,-1.9473804e-05,-3.038919e-12,13.544489
1,0.9976901,-0.018826678,-7.869659e-06,6.0682306
1,0.99998844,-0.0001539878,-1.9895557e-10,11.367662
0,0.48581728,-0.7465434,-0.7255679,-0.056746036
1,1.0,-8.3146415e-07,-0.0,inf
1,0.9996383,-0.0034657563,-2.2773692e-07,7.924386
1,0.9999633,-0.00046089257,-1.7496683e-09,10.212249
1,0.9999869,-0.00017326188,-2.6991334e-10,11.241892
1,0.9999933,-9.436159e-05,-6.162816e-11,11.9170265
1,0.99999547,-6.148541e-05,-3.8394073e-11,12.304794
1,0.9999993,-1.0363977e-05,-7.5229986e-13,14.150625
1,0.99999493,-7.263675e-05,-3.965773e-11,12.192876
1,0.9999831,-0.00022178802,-4.0881892e-10,10.986541
1,0.9998945,-0.0011020475,-2.0987844e-08,9.1566925
1,0.99999774,-3.150216e-05,-8.759021e-12,12.997944
1,0.9999995,-8.40066e-06,-2.7299503e-13,14.55609
1,0.99999934,-9.591951e-06,-7.797442e-13,14.237637
1,0.99911934,-0.008136097,-1.0997701e-06,7.0339594
1,1.0,-1.11762894e-07,-0.0,inf
1,0.99957937,-0.0039889724,-2.8943944e-07,7.7733364
1,0.99999154,-0.00011506404,-1.02102715e-10,11.679697
1,0.999995,-7.1891365e-05,-3.6377304e-11,12.204711
1,0.96807927,-0.14835724,-0.0019947684,3.4120584
1,0.9999909,-0.00012416043,-1.2761228e-10,11.605085
1,0.99999434,-8.516728e-05,-4.1233697e-11,12.08165
1,0.9998923,-0.0012478513,-1.4997797e-08,9.136002
1,0.99999964,-6.100743e-06,-1.9392604e-13,14.843773
1,0.9997254,-0.0027610115,-1.112092e-07,8.199925
1,0.99999964,-5.38567e-06,-1.7442054e-13,14.843773
1,1.0,-2.4011177e-07,-0.0,inf
1,0.9994689,-0.005263309,-3.6739917e-07,7.5400715
1,0.99999934,-9.614987e-06,-5.2566144e-13,14.237637
1,0.76732033,-0.6631175,-0.109876335,1.1932416
1,0.99968624,-0.0032675108,-1.2898e-07,8.066572
1,0.99999934,-1.1494282e-05,-5.7246227e-13,14.237637
1,0.99999857,-2.2698141e-05,-3.6536416e-12,13.457478
0,0.35941198,-0.68626946,-1.2973058,-0.5779172
1,0.99999523,-6.749889e-05,-3.6546287e-11,12.253501
1,0.99999005,-0.00013878822,-1.354825e-10,11.517529
1,0.99997795,-0.00028072853,-7.121859e-10,10.722008
1,0.99999535,-6.410681e-05,-3.852938e-11,12.278819
1,0.9975215,-0.018603234,-1.0710185e-05,5.997628
0,0.116977416,-0.40128028,-3.7350996,-2.02137
1,0.9999952,-6.826388e-05,-3.9795504e-11,12.241078
1,0.9993996,-0.0054790284,-5.885148e-07,7.417318
1,0.9998452,-0.0016984071,-3.278328e-08,8.773265
1,0.99999666,-4.8446036e-05,-1.4500901e-11,12.610177
1,0.9999991,-1.3078141e-05,-1.2286405e-12,13.927482
1,0.99999803,-2.7904625e-05,-6.7186413e-12,13.139023
1,0.9999586,-0.00052464555,-2.1500663e-09,10.091579
1,0.99997854,-0.00027445686,-6.5282524e-10,10.749407
1,0.9997208,-0.002569382,-1.5561525e-07,8.183346
1,0.99994427,-0.00061512575,-5.949275e-09,9.79493
1,0.9999299,-0.0007822856,-8.59881e-09,9.565588
1,1.0,-1.071409e-06,-0.0,inf
1,1.0,-5.109084e-07,-0.0,inf
0,0.21760288,-0.6629775,-2.2674544,-1.2796907
1,0.99982303,-0.0018534517,-4.7318917e-08,8.639375
1,1.0,-5.98621e-07,-0.0,inf
1,0.9998523,-0.001629442,-2.9664333e-08,8.820177
1,0.9999952,-7.08623e-05,-3.2750396e-11,12.241078
1,0.99993956,-0.0007438166,-4.468269e-09,9.713814
1,0.9999486,-0.0006297467,-3.4746026e-09,9.876225
1,0.9999999,-2.530781e-06,-2.045037e-14,15.942385
1,0.99999547,-6.6644614e-05,-2.809671e-11,12.304794
1,0.9996179,-0.0035243875,-2.6743382e-07,7.8693795
1,0.9999995,-8.967648e-06,-3.0965286e-13,14.55609
1,0.9997701,-0.0022117407,-9.99205e-08,8.377658
1,0.9999982,-2.7664266e-05,-5.1542798e-12,13.234333
1,0.9999971,-4.1936277e-05,-1.2009574e-11,12.74371
1,0.931588,-0.32395798,-0.0065999036,2.6113424
1,0.9999991,-1.2276518e-05,-1.3126743e-12,13.927482
1,0.9999298,-0.00083461107,-6.7423747e-09,9.563889
1,0.9999999,-2.928108e-06,-2.2849449e-14,15.942385
1,0.9997797,-0.0020857903,-9.652244e-08,8.420305
1,0.9998687,-0.0014369074,-2.5991223e-08,8.937826
1,0.99998385,-0.0002051705,-4.2125844e-10,11.033398
1,0.99999845,-2.309445e-05,-3.7427444e-12,13.377435
1,0.99999845,-2.5412706e-05,-3.0353396e-12,13.377435
1,0.9997322,-0.0025827643,-1.2867076e-07,8.224989
1,0.99997854,-0.00028899556,-5.5750005e-10,10.749407
1,0.99999905,-1.5697999e-05,-1.254119e-12,13.862943
1,0.99998295,-0.00022707778,-3.7654418e-10,10.979524
1,1.0,-2.4153002e-07,-0.0,inf
1,0.99980783,-0.0018423679,-7.36089e-08,8.556962
1,0.9999989,-1.7832137e-05,-1.857081e-12,13.745159
1,0.99994874,-0.0006116773,-3.763978e-09,9.878549
1,0.9997361,-0.002625384,-1.1570323e-07,8.239565
1,0.9999995,-8.486625e-06,-3.9756726e-13,14.55609
1,0.999993,-9.185026e-05,-9.8278705e-11,11.873351
1,0.99993575,-0.0007855977,-5.1430487e-09,9.652605
1,0.9999999,-3.026756e-06,-3.013592e-14,15.942385
1,0.99985486,-0.0015783821,-3.041775e-08,8.837686
1,0.99999934,-1.0765341e-05,-5.480259e-13,14.237637
1,0.999514,-0.0042660236,-4.5993582e-07,7.6287823
1,0.99995965,-0.0004935339,-2.356731e-09,10.117821
1,0.999985,-0.00019962386,-3.0706357e-10,11.106089
1,0.9999831,-0.00022096635,-4.335719e-10,10.986541
1,0.9999922,-0.00010591049,-1.0436181e-10,11.760327
1,0.9999991,-1.4165449e-05,-1.3275859e-12,13.927482
1,0.99998796,-0.00015497622,-2.42386e-10,11.327252
1,0.9999989,-1.7756081e-05,-1.7845257e-12,13.745159
1,0.39864802,-1.3540697,-0.71940017,-0.41110152
1,0.99703705,-0.02065896,-1.7115515e-05,5.8186035
1,0.99999905,-1.5045667e-05,-1.093339e-12,13.862943
1,0.9999999,-2.8693446e-06,-2.841187e-14,15.942385
1,0.99999195,-0.000113924056,-8.7949856e-11,11.730249
1,0.99999535,-6.329093e-05,-3.8743547e-11,12.278819
1,0.9999753,-0.0002933578,-1.1743593e-09,10.609642
1,0.9999922,-0.00010208296,-1.1762556e-10,11.760327
1,0.9999968,-4.6808924e-05,-1.5445652e-11,12.646545
1,0.99999785,-3.3989207e-05,-5.989537e-12,13.0520115
1,0.9999497,-0.0005870848,-4.010177e-09,9.897329
1,0.9999931,-9.991069e-05,-6.405736e-11,11.881935
1,1.0,-1.8474465e-08,-0.0,inf
1,0.9999989,-1.697022e-05,-2.1628064e-12,13.745159
1,0.99999976,-3.9611486e-06,-6.6152745e-14,15.249238
1,0.999986,-0.00018198682,-3.26754e-10,11.175933
1,0.99884033,-0.009831383,-2.3186062e-06,6.758461
1,0.9998471,-0.0016732004,-3.2207932e-08,8.7856655
1,0.9998252,-0.0017812942,-5.2703555e-08,8.651576
1,0.99990255,-0.0010819652,-1.524276e-08,9.236037
1,0.6975475,-0.7542471,-0.18697703,0.83564633
1,0.99999344,-9.130436e-05,-7.234349e-11,11.935045
0,0.028084313,-0.903741,-4.3070436,-3.5440578
1,0.99999976,-3.9482716e-06,-9.379838e-14,15.249238
1,0.9999434,-0.0006626292,-5.039515e-09,9.779014
1,0.9999973,-3.9089136e-05,-1.166799e-11,12.828867
1,0.9987744,-0.010115963,-2.6235166e-06,6.703106
1,0.99993676,-0.0007302388,-6.3214727e-09,9.668502
1,0.9999976,-3.6831498e-05,-7.372688e-12,12.9466505
1,0.999977,-0.00028710766,-8.284751e-10,10.679672
1,0.99999714,-4.1633146e-05,-1.1868253e-11,12.764328
1,0.9997547,-0.0026128488,-7.814374e-08,8.312893
1,1.0,-1.564512e-07,-0.0,inf
1,0.9999976,-3.61174e-05,-8.3447225e-12,12.9466505
1,0.99967253,-0.0032697641,-1.6005481e-07,8.023793
1,0.9900654,-0.06088415,-0.00016720004,4.601747
1,0.9875559,-0.07694636,-0.00024101304,4.373988
1,0.9999511,-0.00055309973,-4.394252e-09,9.926179
1,0.9999991,-1.2471443e-05,-1.4109358e-12,13.927482
1,0.99983585,-0.0016412244,-5.1189183e-08,8.714559
1,0.99999535,-6.666318e-05,-3.4188194e-11,12.278819
1,0.9999791,-0.00027777549,-5.6732435e-10,10.774725
1,0.9999479,-0.0005898822,-4.869923e-09,9.8624
1,0.99995303,-0.00056547415,-3.2525955e-09,9.965987
1,0.99997795,-0.0002600549,-9.57121e-10,10.722008
1,0.99999803,-2.9794743e-05,-5.91887e-12,13.139023
0,0.07909031,-0.2940986,-4.6399193,-2.4547715
1,0.9998652,-0.0015047246,-2.4554515e-08,8.911393
1,0.99999964,-6.1671562e-06,-2.6514373e-13,14.843773
1,0.9999839,-0.00020207622,-4.5721954e-10,11.037094
1,0.9991749,-0.007530086,-9.79967e-07,7.099172
1,0.74435407,-0.7455356,-0.12834507,1.0687234
1,0.95103043,-0.22513951,-0.0042863362,2.966347
1,0.9999831,-0.00023066872,-3.5793857e-10,10.986541
1,0.9999918,-0.000110926354,-1.0889071e-10,11.70827
1,0.99996185,-0.0004701775,-2.0124213e-09,10.1740265
1,0.9999834,-0.00022430785,-3.482667e-10,11.004304
1,0.9999941,-8.364121e-05,-5.045675e-11,12.040406
1,0.9999999,-3.31e-06,-4.3310455e-14,15.942385
1,0.9999778,-0.00029620167,-5.9551536e-10,10.716617
1,0.99965084,-0.0031433324,-2.4247402e-07,7.9596195
1,0.9998105,-0.002030455,-5.0633737e-08,8.571021
1,0.6684201,-0.64756787,-0.26569694,0.70104796
1,0.99991333,-0.000965892,-1.1152141e-08,9.353372
1,0.9999995,-8.193623e-06,-2.7464007e-13,14.55609
1,0.9999989,-1.7587347e-05,-1.7696585e-12,13.745159
1,0.99999774,-3.4816476e-05,-8.193916e-12,12.997944
1,0.99999225,-0.00010892374,-7.8862264e-11,11.76799
1,0.9996551,-0.003155102,-2.2991608e-07,7.971991
1,0.9999963,-5.532764e-05,-1.6870165e-11,12.508394
1,0.9727524,-0.13025597,-0.0014542028,3.5751638
1,0.9971724,-0.022210069,-1.2268351e-05,5.865501
1,0.9999957,-6.216009e-05,-2.7242514e-11,12.358862
1,0.99999607,-5.625836e-05,-2.2165022e-11,12.445873
1,0.99222153,-0.04917823,-0.00011120017,4.8485875
1,0.99891233,-0.009235823,-2.0135824e-06,6.8226333
1,0.99999547,-6.823155e-05,-2.4112766e-11,12.304794
1,0.9999964,-5.306442e-05,-1.6325061e-11,12.541184
1,0.9999999,-1.9876397e-06,-1.9323888e-14,15.942385
1,0.9999575,-0.00048413264,-3.3763965e-09,10.066009
1,0.9999995,-9.103055e-06,-3.0510693e-13,14.55609
1,0.999967,-0.00038221508,-2.0571969e-09,10.318335
1,0.99998844,-0.00015331266,-2.1363164e-10,11.367662
1,0.9999931,-9.83793e-05,-6.777402e-11,11.881935
1,1.0,-1.8634113e-06,-2.8249063e-15,inf
1,0.999998,-3.1794007e-05,-6.0564782e-12,13.10917
1,0.9984149,-0.013484517,-3.4678128e-06,6.445505
1,0.9637816,-0.19619277,-0.0017831877,3.2812972
1,0.9993039,-0.006057559,-8.6782507e-07,7.2692885
1,0.99999774,-3.3603475e-05,-7.908214e-12,12.997944
1,0.9999983,-2.593007e-05,-4.4978964e-12,13.268235
1,0.99999934,-9.739281e-06,-5.47393e-13,14.237637
1,0.99999356,-9.2556125e-05,-5.250764e-11,11.953395
1,0.99993527,-0.00077357667,-5.5940275e-09,9.645211
1,0.99993205,-0.00076501915,-7.132356e-09,9.596681
1,1.0,-9.672481e-07,-2.833146e-15,inf
1,0.99999964,-6.6555936e-06,-2.6409295e-13,14.843773
1,0.9999969,-4.533056e-05,-1.2414326e-11,12.684285
1,0.99999094,-0.00011778223,-1.4756335e-10,11.611643
1,0.9999993,-1.2182069e-05,-7.332782e-13,14.150625
1,0.9939251,-0.0370871,-7.399905e-05,5.0974956
1,0.9999975,-3.7179976e-05,-1.170566e-11,12.897861
1,0.99998367,-0.00021530186,-3.8002257e-10,11.0223875
1,0.99999344,-9.216481e-05,-6.263137e-11,11.935045
1,0.9989079,-0.009951498,-1.6288795e-06,6.818582
1,0.9999988,-1.919162e-05,-2.558508e-12,13.639799
1,0.99999905,-1.3765546e-05,-1.3448728e-12,13.862943
1,0.9999991,-1.3923704e-05,-1.0908628e-12,13.927482
1,0.99999976,-4.5377255e-06,-9.1510993e-14,15.249238
1,1.0,-6.816249e-07,-0.0,inf
1,0.9999971,-4.485851e-05,-1.12774234e-11,12.74371
1,0.99998736,-0.00016930056,-2.1822216e-10,11.278934
1,1.0,-3.9102144e-07,-0.0,inf
1,0.99999976,-4.420194e-06,-1.13357023e-13,15.249238
1,0.99845517,-0.0116127115,-4.741034e-06,6.4712934
1,0.9999933,-8.897353e-05,-7.5485694e-11,11.9170265
1,0.99999654,-5.165157e-05,-1.4231234e-11,12.575086
1,0.99999857,-2.2142322e-05,-3.9299813e-12,13.457478
1,0.9999944,-7.645806e-05,-5.35969e-11,12.092232
1,1.0,-7.8918964e-07,-0.0,inf
1,0.999993,-9.676894e-05,-7.8909414e-11,11.873351
1,0.99998665,-0.00016534673,-3.365243e-10,11.223873
1,0.99997747,-0.000281276,-7.6841983e-10,10.700616
1,0.9992274,-0.007516693,-7.450146e-07,7.1649823
1,0.9999389,-0.0007254051,-5.1058033e-09,9.703023
1,1.0,-7.695806e-07,-1.8692514e-15,inf
1,0.9999707,-0.0003702933,-1.1704082e-09,10.437024
1,0.9999993,-1.3709872e-05,-7.2819414e-13,14.150625
1,0.9999995,-9.5818295e-06,-3.3692848e-13,14.55609
1,0.99644315,-0.0265405,-1.9347002e-05,5.6353173
1,0.9999999,-2.756177e-06,-1.9682684e-14,15.942385
1,0.9999975,-3.8284456e-05,-9.179024e-12,12.897861
1,0.9999987,-2.0304013e-05,-3.2663555e-12,13.544489
1,0.9999602,-0.0005042909,-2.0230972e-09,10.131205
1,0.9973891,-0.019265477,-1.2246514e-05,5.9454374
1,1.0,-2.324959e-07,-0.0,inf
1,0.9999862,-0.00018708987,-2.5711866e-10,11.188781
1,0.999998,-2.9683319e-05,-7.07793e-12,13.10917
1,0.999993,-9.822766e-05,-6.78172e-11,11.873351
1,0.99999666,-4.8939015e-05,-1.5547383e-11,12.610177
1,0.99999803,-2.9286788e-05,-5.226432e-12,13.139023
1,0.9999828,-0.00022727207,-4.167515e-10,10.969089
1,0.99976176,-0.0024576657,-8.489933e-08,8.341994
1,0.98169035,-0.1035939,-0.00055495894,3.9818475
1,0.99999976,-4.4230205e-06,-7.716215e-14,15.249238
1,0.9999882,-0.00015821155,-2.0722057e-10,11.347254
1,0.99999905,-1.5083535e-05,-1.5372371e-12,13.862943
1,0.9986268,-0.0109555945,-3.412779e-06,6.5892577
1,0.99952114,-0.004770052,-3.0755197e-07,7.6436157
1,0.9999685,-0.00037037634,-1.8196679e-09,10.366405
1,0.99990916,-0.0009727272,-1.5112152e-08,9.306348
1,0.9999957,-6.1024788e-05,-3.0063545e-11,12.358862
1,0.9999987,-2.0312338e-05,-3.1657652e-12,13.544489
1,1.0,-2.9809502e-07,-0.0,inf
1,0.9999982,-2.7446253e-05,-5.9758496e-12,13.234333
1,0.99998116,-0.0002455012,-4.957161e-10,10.879771
1,0.9909537,-0.055453304,-0.00014585335,4.69631
1,0.9942129,-0.039234415,-5.339296e-05,5.1463246
1,0.99999964,-4.2468655e-06,-1.3638725e-13,14.843773
1,0.9999293,-0.00083990896,-6.6216574e-09,9.55712
1,0.9999976,-3.8057948e-05,-7.818424e-12,12.9466505
1,0.99999905,-1.50584065e-05,-1.1960183e-12,13.862943
1,0.99989486,-0.0010822804,-2.156978e-08,9.160088
1,0.9999999,-2.807838e-06,-2.0567046e-14,15.942385
1,0.999986,-0.00018740757,-2.8106073e-10,11.175933
1,0.99998444,-0.00021337515,-2.9698982e-10,11.070996
1,0.98235697,-0.09156822,-0.0006105633,4.0196137
1,0.99999857,-2.1651113e-05,-2.9780683e-12,13.457478
1,0.99981105,-0.0019345828,-5.9281774e-08,8.573856
1,0.99999976,-4.453437e-06,-8.431168e-14,15.249238
1,0.99994755,-0.00058535987,-5.08036e-09,9.855558
1,0.9999991,-1.2682407e-05,-1.4767285e-12,13.927482
1,1.0,-1.127509e-06,-3.0027068e-15,inf
1,0.9999989,-1.733641e-05,-1.7938656e-12,13.745159
1,0.9900682,-0.05577055,-0.00019807482,4.6020317
1,0.9999693,-0.0003919553,-1.2442525e-09,10.391335
1,0.99203247,-0.055115454,-9.406333e-05,4.824381
1,0.99999845,-2.4194458e-05,-4.627572e-12,13.377435
1,0.99747664,-0.018485127,-1.1655668e-05,5.979636
1,0.99996585,-0.00043839126,-1.4494747e-09,10.284613
1,0.9999999,-2.4330238e-06,-1.8552644e-14,15.942385
1,0.99999905,-1.48427225e-05,-1.4684716e-12,13.862943
1,0.9999858,-0.00018394385,-3.158147e-10,11.163247
1,1.0,-1.2350517e-07,-0.0,inf
1,0.99940944,-0.005119588,-6.686219e-07,7.4338436
1,0.99959093,-0.004039296,-2.3734538e-07,7.8012233
1,0.9999983,-2.5593465e-05,-4.0153054e-12,13.268235
1,0.9998628,-0.0015655719,-2.4050411e-08,8.893862
1,0.99989396,-0.0010787639,-2.2449056e-08,9.15162
1,0.99999905,-1.5755668e-05,-1.142017e-12,13.862943
1,0.99999434,-7.613291e-05,-6.267427e-11,12.08165
1,0.9999004,-0.0011076288,-1.5497195e-08,9.214255
1,0.99995965,-0.0004983668,-2.216546e-09,10.117821
1,0.999995,-7.112655e-05,-3.45311e-11,12.204711
1,0.9741887,-0.12975411,-0.001233446,3.6307921
1,0.9999428,-0.0006875306,-4.472596e-09,9.768542
1,0.99999976,-5.5450146e-06,-9.33581e-14,15.249238
1,0.99997914,-0.00026403632,-6.624952e-10,10.777578
1,0.99892783,-0.009846208,-1.5080878e-06,6.8369994
1,0.99996626,-0.0004059934,-1.7604932e-09,10.296905
1,0.9999969,-4.664963e-05,-1.2353466e-11,12.684285
1,0.80489695,-0.49795347,-0.084427215,1.4171864
1,0.99999285,-9.55487e-05,-8.806672e-11,11.848034
1,0.99999475,-7.778617e-05,-3.5848605e-11,12.158191
1,0.9997849,-0.0023105803,-6.295467e-08,8.444131
1,0.99999434,-7.909128e-05,-4.9801795e-11,12.08165
1,0.9999007,-0.00103041,-1.9122373e-08,9.217252
1,1.0,-2.2030204e-07,-0.0,inf
1,0.999995,-6.707898e-05,-4.718936e-11,12.204711
1,0.98783624,-0.07492267,-0.00022404338,4.397056
1,0.9945001,-0.03799023,-4.8142592e-05,5.1975102
1,0.99999964,-4.735359e-06,-1.6388899e-13,14.843773
0,0.4150405,-0.68476593,-1.0272524,-0.34316653
1,0.9978339,-0.017344557,-6.940475e-06,6.132662
1,0.9999868,-0.00018383967,-2.1882055e-10,11.237356
1,0.99999976,-4.3512855e-06,-8.9195334e-14,15.249238
1,1.0,-1.3121236e-07,-0.0,inf
1,0.9575369,-0.17880426,-0.003642764,3.1157281
1,0.9999826,-0.00021847524,-5.2152516e-10,10.958761
1,0.99986005,-0.0014741799,-3.311311e-08,8.874073
1,0.96857834,-0.17516865,-0.0014161187,3.4283319
1,0.9999993,-1.3685475e-05,-7.7055647e-13,14.150625
1,0.99999845,-2.3886463e-05,-3.4918323e-12,13.377435
1,0.99998236,-0.00022619913,-4.9177956e-10,10.945155
1,0.9999989,-1.6802585e-05,-1.9905427e-12,13.745159
1,0.99999666,-4.9381248e-05,-1.4912025e-11,12.610177
1,0.999992,-0.00010467146,-1.212343e-10,11.737684
1,0.9999747,-0.00032363136,-9.0251456e-10,10.585773
1,1.0,-2.4246359e-07,-0.0,inf
1,0.9953182,-0.034059767,-3.500149e-05,5.3593745
1,0.9999112,-0.000984543,-1.1917726e-08,9.328912
1,0.99999845,-2.513611e-05,-3.284819e-12,13.377435
1,0.9999665,-0.0003915055,-2.0884965e-09,10.303997
1,0.86008537,-0.42441136,-0.041097764,1.8159993
1,0.9999999,-1.6651552e-06,-1.8773501e-14,15.942385
1,0.9999392,-0.00069663586,-5.992098e-09,9.707913
1,0.98250455,-0.0881798,-0.0006174075,4.028164
1,0.9999995,-8.748464e-06,-2.9716285e-13,14.55609
1,0.9999931,-9.396069e-05,-7.28713e-11,11.881935
1,0.99996054,-0.00044772116,-2.998873e-09,10.140227
1,0.999995,-6.771874e-05,-4.408502e-11,12.204711
1,1.0,-8.208191e-07,-0.0,inf
0,0.0070966193,-0.060556784,-9.523051,-4.941015
1,0.9822861,-0.089171365,-0.00063251564,4.0155325
1,0.9999591,-0.00047761714,-2.8286689e-09,10.104614
1,0.9999464,-0.00059252925,-5.5303486e-09,9.834196
1,0.9999212,-0.00094391336,-8.0924885e-09,9.448552
1,0.78989846,-0.6669032,-0.08093873,1.3243134
1,0.99999475,-7.454832e-05,-4.0536824e-11,12.158191
0,0.35060748,-1.2294991,-1.0512618,-0.61637
1,0.9999974,-4.0442086e-05,-8.465403e-12,12.85134
1,0.99979866,-0.0021678447,-5.5198793e-08,8.510292
1,0.99858,-0.010993557,-3.869959e-06,6.5556626
1,0.9999999,-3.1546974e-06,-2.2029045e-14,15.942385
1,0.9999987,-1.9587736e-05,-2.2127393e-12,13.544489
1,0.99998343,-0.00022684319,-3.4155492e-10,11.0078945
1,0.9999995,-8.595212e-06,-4.4089328e-13,14.55609
1,0.9999368,-0.0007555175,-5.2928137e-09,9.669445
1,0.9999828,-0.0002260721,-4.1936904e-10,10.969089
0,0.0017811308,-0.0147978095,-12.550503,-6.3287244
1,0.9302654,-0.30682138,-0.007845763,2.5907736
1,0.99957675,-0.003718803,-3.5740388e-07,7.767118
1,0.9999828,-0.00023198704,-3.9134465e-10,10.969089
1,0.99999535,-6.2719904e-05,-4.10592e-11,12.278819
1,0.99998856,-0.00015663792,-1.8106901e-10,11.378026
1,0.99999857,-2.2134904e-05,-2.8833385e-12,13.457478
1,0.9999989,-1.5901733e-05,-1.7876256e-12,13.745159
1,0.50295,-0.7384781,-0.67106557,0.01180013
1,0.99981445,-0.0019676217,-5.0147186e-08,8.592005
1,0.9999871,-0.00017183759,-2.3541633e-10,11.2602415
1,0.99963266,-0.0036460059,-1.9496731e-07,7.908846
1,0.99999964,-5.824625e-06,-1.7538442e-13,14.843773
1,0.9999721,-0.0003503779,-1.1009672e-09,10.487036
0,0.0025262074,-0.01777776,-11.927723,-5.9785066
1,0.99997604,-0.00031807247,-7.0002465e-10,10.639056
1,0.9999971,-4.323515e-05,-1.1868769e-11,12.74371
1,0.99996436,-0.00044323062,-1.7023998e-09,10.241906
1,0.9996853,-0.0032387788,-1.4288707e-07,8.063536
1,0.9999902,-0.00013633084,-1.2989104e-10,11.535656
1,0.99964964,-0.0033561988,-2.0232655e-07,7.95621
1,0.99999523,-6.481044e-05,-4.5511324e-11,12.253501
1,0.99982536,-0.0017995243,-5.066824e-08,8.6526
1,0.9999758,-0.0002889073,-1.0890732e-09,10.629155
1,0.9999999,-2.549974e-06,-2.1185853e-14,15.942385
1,0.9983978,-0.013181655,-4.1641347e-06,6.434791
1,0.99995774,-0.00050327455,-2.648957e-09,10.071634
1,0.9999836,-0.00021238765,-3.9120204e-10,11.018744
1,0.99999774,-3.49376e-05,-6.988825e-12,12.997944
1,1.0,-1.6639082e-07,-0.0,inf
1,0.9999268,-0.0008328969,-7.90202e-09,9.522317
1,0.99999046,-0.00013417334,-1.1592605e-10,11.560349
1,1.0,-1.8986386e-06,-2.2264907e-15,inf
1,0.9946368,-0.033875957,-5.6842855e-05,5.222812
1,0.9985112,-0.011956336,-3.9138254e-06,6.5082917
0,0.36547855,-1.0788127,-0.90145004,-0.5516636
1,0.9999988,-1.8247407e-05,-1.965865e-12,13.639799
1,0.9999684,-0.0003918497,-1.5512744e-09,10.362624
1,0.99999964,-6.3838675e-06,-1.7727883e-13,14.843773
1,0.9999906,-0.00012030362,-1.6687154e-10,11.572927
0,0.26376674,-0.5805168,-1.9608104,-1.0264819
1,0.9999993,-1.1146575e-05,-7.2659326e-13,14.150625
1,0.9999999,-3.6548408e-06,-3.466775e-14,15.942385
1,0.9974081,-0.018215619,-1.3304356e-05,5.952766
1,0.9999952,-7.025935e-05,-3.3700737e-11,12.241078
1,0.99999785,-3.1685493e-05,-6.7248147e-12,13.0520115
1,0.99993575,-0.0007389821,-6.2575003e-09,9.652605
1,0.99999154,-0.00011964461,-9.380722e-11,11.679697
1,0.9999755,-0.00029371682,-1.1254062e-09,10.616915
1,0.9997269,-0.0027138607,-1.2509646e-07,8.205368
1,0.9999999,-2.5783763e-06,-2.7755396e-14,15.942385
1,0.9999912,-0.00012371138,-9.9530585e-11,11.638311
1,0.99999934,-1.137584e-05,-5.830109e-13,14.237637
1,0.99413425,-0.04013324,-5.3723372e-05,5.1327415
1,0.99999934,-9.021864e-06,-4.85759e-13,14.237637
1,0.99996626,-0.00042666512,-1.4579169e-09,10.296905
1,0.9999999,-2.9746845e-06,-2.7180112e-14,15.942385
1,0.99999845,-2.3805824e-05,-3.4564053e-12,13.377435
1,0.99995536,-0.00054517743,-2.8822726e-09,10.016748
1,0.99999845,-2.416294e-05,-3.286403e-12,13.377435
1,0.9999757,-0.00031512155,-7.7344564e-10,10.624241
1,0.9999964,-5.2609765e-05,-1.9182718e-11,12.541184
1,0.9998857,-0.0013120791,-1.6850903e-08,9.07638
1,0.9999579,-0.00052875764,-2.2671491e-09,10.075875
1,0.94672215,-0.2515326,-0.0044357446,2.877485
1,0.89299023,-0.41533768,-0.019047264,2.1216555
0,6.97561e-06,-0.0003250611,-22.4057,-11.873084
1,0.9999787,-0.0002547941,-8.7116137e-10,10.757775
1,0.99999547,-6.137038e-05,-3.574538e-11,12.304794
1,0.9999826,-0.00021464001,-5.5356314e-10,10.958761
1,0.9999999,-2.0681032e-06,-1.8711307e-14,15.942385
1,0.9999409,-0.0006725387,-5.884486e-09,9.73575
1,0.999996,-5.9875514e-05,-2.1111878e-11,12.430836
1,0.9954029,-0.034766924,-2.9241855e-05,5.377716
1,0.99824506,-0.015349586,-4.074966e-06,6.3435645
1,0.9999975,-3.5531277e-05,-1.2309212e-11,12.897861
1,0.9999957,-5.9661674e-05,-3.150805e-11,12.358862
1,0.9999973,-4.015219e-05,-1.3471926e-11,12.828867
1,0.99832153,-0.014838596,-3.6643214e-06,6.3881946
1,0.99969906,-0.0028686053,-1.6579794e-07,8.108286
1,1.0,-1.4348158e-06,-3.277705e-15,inf
1,0.999931,-0.00073707174,-9.373758e-09,9.581014
1,0.9999912,-0.00012405838,-9.977537e-11,11.638311
1,1.0,-9.566068e-07,-0.0,inf
1,0.59581906,-0.7263809,-0.40855134,0.3880744
1,0.9999917,-0.00011804133,-8.7279114e-11,11.70105
1,0.999989,-0.00014174443,-2.246947e-10,11.415166
1,0.99995184,-0.0005928367,-3.0949572e-09,9.940922
1,0.9999462,-0.0006603255,-3.761008e-09,9.829756
1,0.99995804,-0.0005126599,-2.4313531e-09,10.078712
1,0.9998956,-0.0011959057,-1.4469808e-08,9.166915
1,0.9999974,-3.693047e-05,-1.3200822e-11,12.85134
1,0.9999995,-7.1657205e-06,-3.2337997e-13,14.55609
1,0.9999672,-0.0003857352,-1.9793593e-09,10.325582
1,0.99995303,-0.00052983477,-4.1762416e-09,9.965987
1,0.99998415,-0.00019505301,-4.726815e-10,11.05202
1,0.9999753,-0.00030173824,-9.721847e-10,10.609642
1,0.99999964,-6.059907e-06,-2.2528309e-13,14.843773
1,0.9991377,-0.007086257,-1.4418451e-06,7.055044
1,0.9999999,-1.8901286e-06,-2.0022678e-14,15.942385
1,0.9999807,-0.00024830326,-5.276491e-10,10.85477
1,0.99999976,-3.722866e-06,-8.730916e-14,15.249238
1,0.99995214,-0.0005603645,-3.5405812e-09,9.94713
1,0.99999934,-8.456336e-06,-5.38006e-13,14.237637
1,0.99987775,-0.0012309895,-2.9614458e-08,9.009327
1,0.999734,-0.0025973811,-1.2522273e-07,8.231689
1,0.9998991,-0.0010373333,-2.0113836e-08,9.201174
1,0.9999999,-1.5111733e-06,-1.883518e-14,15.942385
1,0.99999523,-6.6841094e-05,-4.068368e-11,12.253501
1,0.9893564,-0.05915995,-0.00022724403,4.532096
1,0.9995894,-0.0036516357,-3.3229526e-07,7.7974405
1,0.99999624,-5.6241803e-05,-1.8794044e-11,12.4923935
1,0.99998796,-0.0001556054,-2.4747476e-10,11.327252
1,0.99999845,-2.4290399e-05,-4.05681e-12,13.377435
1,0.9999819,-0.00023895594,-4.447266e-10,10.918487
1,0.9999999,-2.1946796e-06,-2.0825735e-14,15.942385
0,0.42927688,-1.119811,-0.77542335,-0.28480208
1,0.9999999,-2.6426128e-06,-2.5511953e-14,15.942385
1,0.99995965,-0.00049952517,-2.2084572e-09,10.117821
1,0.99999344,-9.516526e-05,-5.309878e-11,11.935045
1,0.99973863,-0.0024488491,-1.339011e-07,8.249326
1,0.99999774,-3.6003148e-05,-6.343661e-12,12.997944
1,0.9999804,-0.0002615243,-4.86771e-10,10.839455
1,0.99998146,-0.00025536766,-4.1263876e-10,10.8957205
1,0.9999424,-0.0006890511,-4.5547797e-09,9.762311
1,0.9992061,-0.007365766,-9.2432737e-07,7.137791
1,0.9999917,-0.00010985038,-1.2709218e-10,11.70105
1,0.99932325,-0.0058138836,-8.674443e-07,7.29753
1,0.9986669,-0.0115942545,-2.4983926e-06,6.6189013
1,0.99999666,-4.9032336e-05,-1.7543416e-11,12.610177
1,0.99992436,-0.00088766107,-7.761977e-09,9.489472
0,0.0029071975,-0.7321126,-6.510727,-5.837654
1,0.99994147,-0.0006973385,-4.8695337e-09,9.745883
1,0.9999569,-0.0005334289,-2.4975375e-09,10.05208
1,0.99999326,-9.695643e-05,-6.4732504e-11,11.908138
1,0.9999815,-0.00024194419,-4.893245e-10,10.898942
1,0.9999999,-4.156998e-06,-3.4548763e-14,15.942385
1,0.99999785,-3.2707067e-05,-6.551783e-12,13.0520115
1,0.99966687,-0.0031747723,-1.9915308e-07,8.006643
1,0.9999911,-0.00011324845,-1.5659068e-10,11.6315775
0,0.12706852,-1.1601883,-2.3532026,-1.9271306
1,0.99999714,-4.027765e-05,-1.5667861e-11,12.764328
1,0.9999995,-8.695133e-06,-3.4761492e-13,14.55609
1,0.9999957,-5.7695906e-05,-3.6374428e-11,12.358862
1,0.99991417,-0.0010094759,-9.640334e-09,9.363049
1,0.99996996,-0.00038977765,-1.1624787e-09,10.412926
1,0.9998598,-0.0016171888,-2.419659e-08,8.872371
1,0.9994952,-0.004593397,-4.6024644e-07,7.59086
1,0.9999991,-1.1979293e-05,-1.0870127e-12,13.927482
1,0.9774089,-0.11276176,-0.0009829977,3.7673483
1,0.99999434,-8.367306e-05,-4.0587325e-11,12.08165
1,0.9999931,-9.5284944e-05,-6.809531e-11,11.881935
1,0.9999757,-0.0003205004,-7.431519e-10,10.624241
1,0.99991554,-0.0009407344,-1.1884014e-08,9.37915
1,0.9999928,-0.00010602021,-6.545892e-11,11.839735
1,0.9999987,-1.99489e-05,-2.231499e-12,13.544489
1,0.99978846,-0.0021077034,-7.977012e-08,8.460899
1,0.99995625,-0.0005417638,-2.5610063e-09,10.03698
1,0.99874914,-0.010930629,-2.2306806e-06,6.6826696
1,0.99858713,-0.0115433885,-3.4324419e-06,6.5607195
1,0.99999785,-3.1257772e-05,-9.221595e-12,13.0520115
1,0.99996316,-0.00046629482,-1.7375748e-09,10.209007
1,0.47284856,-0.9669916,-0.6372729,-0.108712755
1,1.0,-6.066631e-07,-0.0,inf
1,0.99964833,-0.0032571135,-2.3251619e-07,7.952473
1,0.99999225,-0.00010327829,-9.708219e-11,11.76799
1,0.9999999,-1.5088394e-06,-1.76375e-14,15.942385
1,0.96736306,-0.14894082,-0.0020910322,3.3891292
1,0.9999983,-2.546592e-05,-4.137087e-12,13.268235
1,0.9862575,-0.0920727,-0.00024582498,4.2734237
1,0.9843707,-0.08200119,-0.00048438233,4.1428556
1,0.9999993,-1.047496e-05,-6.561845e-13,14.150625
1,0.99999976,-5.042917e-06,-7.618303e-14,15.249238
1,0.9999993,-1.2118755e-05,-7.705166e-13,14.150625
1,0.9998854,-0.0012597785,-2.014363e-08,9.073776
1,0.99990255,-0.0011410825,-1.2393266e-08,9.236037
1,0.99639404,-0.02687472,-1.9514691e-05,5.6215544
1,0.9998945,-0.0011705097,-1.7063261e-08,9.1566925
1,1.0,-1.1192279e-07,-0.0,inf
1,0.9999995,-7.638029e-06,-3.144126e-13,14.55609
1,0.9996637,-0.0033041623,-1.7479536e-07,7.997202
1,0.999829,-0.0017179884,-5.383657e-08,8.673642
1,0.9937199,-0.03891824,-7.742335e-05,5.0640655
1,0.9997297,-0.002496235,-1.4589618e-07,8.215682
1,0.9998197,-0.0017699572,-6.2918446e-08,8.620686
1,0.9997752,-0.0023456109,-7.331852e-08,8.399947
1,0.9999902,-0.00013271869,-1.4671757e-10,11.535656
1,0.9919997,-0.046676606,-0.00012838206,4.820242
1,0.99999845,-2.337921e-05,-3.643333e-12,13.377435
1,0.9999789,-0.00025105284,-8.609866e-10,10.766214
1,0.99999475,-7.529839e-05,-3.8923382e-11,12.158191
1,0.99993,-0.0007413095,-9.745052e-09,9.56729
1,0.9999991,-1.2117587e-05,-1.0967382e-12,13.927482
1,0.9999964,-5.1800835e-05,-2.0815105e-11,12.541184
1,0.9741847,-0.13484272,-0.0011876809,3.6306334
1,0.99998724,-0.00017698148,-2.0306083e-10,11.269544
1,0.99999976,-3.2657354e-06,-6.3189146e-14,15.249238
1,0.99969375,-0.0030109002,-1.5438744e-07,8.090807
1,0.99999976,-4.4460444e-06,-1.1807921e-13,15.249238
0,0.00948021,-0.9943534,-5.386108,-4.6490235
1,0.9962568,-0.028058233,-2.2198888e-05,5.5840716
1,0.9999051,-0.0010349867,-1.55612e-08,9.2626915
1,0.47885677,-1.1431053,-0.54759747,-0.08462331
1,0.9991152,-0.0072691306,-1.5171834e-06,7.029296
1,1.0,-1.0328145e-06,-2.1681422e-15,inf
1,0.9997758,-0.0022114606,-8.963016e-08,8.402868
1,0.9950773,-0.031084448,-4.857133e-05,5.3089657
1,0.99994427,-0.0006333672,-5.391506e-09,9.79493
1,0.9999569,-0.0005004981,-3.3092054e-09,10.05208
1,0.99994445,-0.0006803023,-4.066142e-09,9.798144
1,0.99587566,-0.030395484,-2.5466945e-05,5.486716
1,0.99963075,-0.0037751403,-1.7806477e-07,7.903665
1,0.99999225,-0.00011118532,-7.6310305e-11,11.76799
1,0.99996126,-0.00047211046,-2.2634812e-09,10.158522
1,0.99999976,-3.998948e-06,-7.510447e-14,15.249238
1,0.9999983,-2.7538139e-05,-3.6454676e-12,13.268235
1,0.9990049,-0.00838024,-1.7731917e-06,6.911672
1,0.9979209,-0.017145697,-6.542547e-06,6.1737247
1,0.9988834,-0.009914559,-1.7577634e-06,6.7963734
1,0.9999124,-0.0009852218,-1.170595e-08,9.342427
1,1.0,-6.047144e-07,-0.0,inf
1,1.0,-7.91748e-08,-0.0,inf
0,0.4578554,-0.85402775,-0.78562844,-0.16897933
1,0.9999683,-0.00039732986,-1.4776206e-09,10.358857
1,0.9976255,-0.020052461,-7.2487956e-06,6.0406036
1,0.99999607,-5.7513425e-05,-2.0436559e-11,12.445873
1,0.6661696,-0.87081313,-0.21811526,0.6909111
1,0.99999493,-7.281406e-05,-4.2224304e-11,12.192876
1,0.99999416,-8.326473e-05,-4.7681963e-11,12.050559
1,0.57176083,-0.7001855,-0.4759051,0.2890389
1,0.99999857,-2.0716394e-05,-3.9364944e-12,13.457478
1,0.99996865,-0.00039996603,-1.2780147e-09,10.3702
1,1.0,-1.2268238e-06,-2.1898616e-15,inf
1,0.9999787,-0.00027755907,-6.350289e-10,10.757775
1,0.73874485,-0.6485741,-0.14887913,1.0394552
1,1.0,-5.1824065e-07,-0.0,inf
1,0.9859386,-0.07510133,-0.00039287977,4.250161
1,0.9999361,-0.00071374926,-6.9958954e-09,9.658187
1,1.0,-9.351625e-07,-1.9298426e-15,inf
1,0.9992683,-0.0065770214,-8.505083e-07,7.219399
1,0.99999857,-2.1033346e-05,-2.8492076e-12,13.457478
1,0.99882954,-0.01037075,-1.9479276e-06,6.7491903
1,0.9995433,-0.0041267546,-3.8852903e-07,7.691047
1,0.99967223,-0.00317868,-1.8505409e-07,8.022882
1,0.9999957,-6.201405e-05,-2.6943954e-11,12.358862
1,0.99999624,-5.4003445e-05,-2.303652e-11,12.4923935
1,0.9999143,-0.0009960675,-9.963432e-09,9.364438
0,0.06153804,-1.2812994,-3.1550004,-2.7245867
1,0.9999917,-0.000108738415,-1.2884861e-10,11.70105
1,0.99999416,-8.272866e-05,-4.9275903e-11,12.050559
1,0.9998843,-0.0012845757,-2.039783e-08,9.064458
1,0.999664,-0.0034755482,-1.5704379e-07,7.998089
1,0.99999976,-3.988852e-06,-9.1112786e-14,15.249238
1,0.9999993,-1.08812255e-05,-8.7326793e-13,14.150625
1,0.9999988,-1.9854822e-05,-2.8169283e-12,13.639799
1,1.0,-1.4574816e-07,-0.0,inf
1,0.9999851,-0.00019907218,-3.0487446e-10,11.114057
1,0.9996834,-0.0032415458,-1.4137413e-07,8.057492
1,0.9999796,-0.0002579462,-6.1853417e-10,10.800701
1,1.0,-9.5160027e-07,-0.0,inf
1,0.99998236,-0.00023564162,-4.1105006e-10,10.945155
1,0.99847263,-0.011658504,-4.5466422e-06,6.4826803
1,0.99999845,-2.4282086e-05,-3.961849e-12,13.377435
1,0.9999989,-1.7935768e-05,-1.7839984e-12,13.745159
1,0.9992318,-0.007062764,-8.1455494e-07,7.170712
1,0.99994063,-0.0006894952,-5.1499836e-09,9.731726
1,0.9999866,-0.00017874583,-2.5335226e-10,11.219419
1,0.9999901,-0.00013242832,-1.6100773e-10,11.523535
1,0.9495626,-0.21768925,-0.0048205047,2.9352686
1,0.9999877,-0.00015724901,-2.7534824e-10,11.307644
1,0.99995667,-0.0005375597,-2.4344815e-09,10.046562
1,0.9999931,-9.070719e-05,-9.316373e-11,11.881935
1,0.999995,-6.692139e-05,-4.7396576e-11,12.204711
1,0.99996936,-0.00035900154,-1.7314783e-09,10.393278
1,0.99991953,-0.0008999565,-1.0743507e-08,9.427592
1,0.9999265,-0.0007848731,-1.0497571e-08,9.518253
1,0.9996014,-0.003916513,-2.3592614e-07,7.8272133
1,0.99999976,-4.496981e-06,-1.0954772e-13,15.249238
1,0.99997956,-0.0002664805,-5.9379773e-10,10.797782
1,0.9998694,-0.0013563179,-3.0955448e-08,8.943289
1,0.99999285,-9.712648e-05,-8.7539836e-11,11.848034
1,0.9999807,-0.00025889667,-4.7966314e-10,10.85477
1,0.99999714,-4.3860444e-05,-1.2711537e-11,12.764328
1,0.9972694,-0.01899045,-1.4810042e-05,5.9004965
1,0.9994144,-0.0054969247,-5.2511626e-07,7.442261
1,0.9999845,-0.00020653874,-3.2741815e-10,11.074835
1,0.9999894,-0.00014623767,-1.5084475e-10,11.453738
1,0.99998844,-0.00014432459,-2.6207408e-10,11.367662
1,0.9999287,-0.0008476211,-6.852932e-09,9.548723
1,0.9999907,-0.0001304693,-1.10865706e-10,11.585667
1,0.9999898,-0.00013074138,-2.0200129e-10,11.493858
1,0.9999995,-7.1538825e-06,-2.7586378e-13,14.55609
1,0.997669,-0.019556282,-7.6951055e-06,6.0591164
1,0.99999416,-8.202332e-05,-5.0065802e-11,12.050559
1,0.99995065,-0.00055890233,-4.4326036e-09,9.91647
1,0.9998923,-0.0011437543,-2.0445585e-08,9.136002
1,0.9999991,-1.3384657e-05,-1.1716823e-12,13.927482
1,0.9716697,-0.13504937,-0.0015464906,3.535083
1,0.9999999,-1.8564674e-06,-1.7865233e-14,15.942385
1,0.9999952,-7.016909e-05,-3.6115184e-11,12.241078
1,0.9998057,-0.0020764114,-5.1670103e-08,8.5458555
1,1.0,-1.3762774e-06,-3.0682439e-15,inf
1,0.9999626,-0.00045259617,-2.1590778e-09,10.194549
1,0.9999793,-0.00025520544,-7.352369e-10,10.786187
1,0.99999905,-1.5590791e-05,-1.3732222e-12,13.862943
1,0.99999857,-2.1602615e-05,-3.783315e-12,13.457478
1,0.9992471,-0.00728016,-7.260249e-07,7.1907907
1,0.9999699,-0.00038493366,-1.1993292e-09,10.410944
1,0.9999976,-3.4394085e-05,-9.633434e-12,12.9466505
1,0.99960893,-0.0035284436,-2.9670403e-07,7.846243
1,0.9988821,-0.009164226,-2.237554e-06,6.7951984
1,1.0,-3.8108098e-07,-0.0,inf
1,0.99999857,-2.2235763e-05,-2.898171e-12,13.457478
1,0.9999999,-3.8807793e-06,-3.329576e-14,15.942385
1,0.9998422,-0.0016494842,-4.0490946e-08,8.754192
1,0.9999995,-7.0026017e-06,-2.6199447e-13,14.55609
1,0.9566191,-0.20024914,-0.0034246452,3.0933857
1,0.99978226,-0.0023362124,-6.387272e-08,8.432011
1,0.99993896,-0.0007161765,-5.591989e-09,9.7039995
1,0.9999987,-2.2104938e-05,-2.6652936e-12,13.544489
1,0.99998796,-0.00016500003,-1.9090389e-10,11.327252
1,0.9999991,-1.3932551e-05,-1.0317089e-12,13.927482
1,0.99999976,-4.8879256e-06,-1.10930443e-13,15.249238
1,0.999931,-0.000790313,-7.219604e-09,9.581014
1,1.0,-1.2078656e-06,-0.0,inf
1,0.9999034,-0.0010818754,-1.4003565e-08,9.2446375
1,0.99999976,-5.684411e-06,-9.938082e-14,15.249238
1,0.99999934,-9.761597e-06,-5.2226187e-13,14.237637
1,0.9999993,-1.1342817e-05,-5.944852e-13,14.150625
1,0.99996126,-0.00045572408,-2.6226705e-09,10.158522
1,0.9999958,-6.272927e-05,-2.4247505e-11,12.3870325
1,0.9696984,-0.15886123,-0.0013845485,3.4657855
0,0.00080055825,-0.15251984,-10.565611,-7.1294003
1,0.9999993,-1.0610966e-05,-8.6647746e-13,14.150625
1,0.9991654,-0.0074088434,-1.0836028e-06,7.087742
1,0.9999957,-6.351976e-05,-2.8259443e-11,12.358862
1,0.99998415,-0.00021634724,-3.166069e-10,11.05202
0,0.40225443,-0.9718492,-0.88947076,-0.39608032
1,0.9976417,-0.019322652,-7.774856e-06,6.047446
1,0.99969286,-0.0027960525,-1.8844273e-07,8.087891
1,0.99994403,-0.0006370627,-5.550282e-09,9.790661
1,0.99998367,-0.00020091202,-5.1270804e-10,11.0223875
1,0.9998827,-0.0013219636,-1.9002021e-08,9.050642
1,0.9999757,-0.000289391,-1.1179151e-09,10.624241
1,0.9996817,-0.0031178365,-1.6870611e-07,8.052233
1,0.9999223,-0.0008420293,-1.1141747e-08,9.462263
1,0.87624556,-0.385538,-0.032165077,1.9573472
1,0.9999745,-0.00031673475,-1.0694229e-09,10.576384
1,0.99999046,-0.00012710711,-1.4848636e-10,11.560349
1,0.99982214,-0.0018961198,-4.6694403e-08,8.634335
1,0.99991024,-0.00095833605,-1.483361e-08,9.318231
1,0.999968,-0.00037904902,-1.7945838e-09,10.349503
1,1.0,-7.0285694e-07,-0.0,inf
1,0.9999999,-2.4541391e-06,-2.9326012e-14,15.942385
1,0.99994135,-0.0006877734,-5.036896e-09,9.743848
1,0.9999945,-7.656406e-05,-4.6159885e-11,12.113738
1,0.9993562,-0.005820358,-6.7944086e-07,7.347494
1,0.99153,-0.05119152,-0.00013646045,4.7627187
1,0.999974,-0.00034118097,-8.4011176e-10,10.557864
1,0.99999344,-9.185771e-05,-6.469248e-11,11.935045
1,0.99999714,-4.2165324e-05,-1.3260515e-11,12.764328
1,0.9921483,-0.049256317,-0.00011305764,4.83914
1,0.9999995,-8.578412e-06,-3.3970857e-13,14.55609
1,0.99999857,-2.0966476e-05,-3.026938e-12,13.457478
1,0.9999971,-4.3573196e-05,-1.2502275e-11,12.74371
1,0.99845344,-0.0115983505,-4.770852e-06,6.4701734
1,0.9999199,-0.00089373335,-9.684082e-09,9.432047
1,0.99998385,-0.00019980725,-4.859836e-10,11.033398
1,0.9998531,-0.0015756809,-3.235092e-08,8.8254385
1,0.9999983,-2.598899e-05,-3.754205e-12,13.268235
1,0.9999964,-5.224323e-05,-1.898206e-11,12.541184
1,0.99983716,-0.0017848774,-3.6484625e-08,8.72258
1,0.9999532,-0.00053746544,-3.8548924e-09,9.969802
1,0.9999982,-2.6814421e-05,-4.737154e-12,13.234333
1,0.9999913,-0.00011977065,-1.0684304e-10,11.651917
1,0.99993634,-0.00072585174,-6.6089587e-09,9.661925
1,0.9951029,-0.033211507,-4.3336404e-05,5.3141994
1,0.9768539,-0.11975905,-0.0009638388,3.742511
1,0.9999152,-0.0009465442,-1.1985343e-08,9.374925
1,0.99999356,-9.068933e-05,-5.393115e-11,11.953395
1,0.99999475,-7.456287e-05,-3.698915e-11,12.158191
1,0.99966776,-0.0033084634,-1.6199431e-07,8.009332
1,0.99801105,-0.016607935,-5.779744e-06,6.2181587
1,0.99997985,-0.00023955578,-8.0681384e-10,10.812467
1,0.99996746,-0.00039651422,-1.7095861e-09,10.332881
1,0.99999964,-6.4507676e-06,-1.9668899e-13,14.843773
1,0.9981488,-0.016065903,-4.3972223e-06,6.2900677
1,0.9999552,-0.0005238836,-3.256782e-09,10.012752
1,0.9999777,-0.00027635234,-8.303622e-10,10.711254
1,0.99999934,-9.583629e-06,-5.738761e-13,14.237637
1,0.9999877,-0.00016050927,-2.2292414e-10,11.307644
1,0.9949076,-0.04031067,-3.1734417e-05,5.2749043
1,0.9999163,-0.00089735526,-1.3088846e-08,9.388368
1,0.9999406,-0.0006931241,-5.43647e-09,9.730722
1,0.999995,-7.3615556e-05,-3.5069024e-11,12.204711
1,0.99984825,-0.001671641,-3.149709e-08,8.793102
1,0.9999973,-4.1563515e-05,-9.33478e-12,12.828867
1,0.9999759,-0.00030070214,-9.482e-10,10.634093
1,0.99997807,-0.00029129608,-5.980569e-10,10.7274275
1,1.0,-5.8086624e-07,-0.0,inf
1,1.0,-7.7184836e-08,-0.0,inf
1,0.84661925,-0.47610235,-0.046677317,1.7083277
1,0.9999991,-1.4318335e-05,-1.5950548e-12,13.927482
1,0.99996865,-0.00040304667,-1.2833703e-09,10.3702
1,0.9995511,-0.004002996,-3.8654125e-07,7.7083
1,0.99999857,-2.2624443e-05,-2.8912521e-12,13.457478
1,0.999596,-0.0038616464,-2.6893173e-07,7.813691
1,0.99999976,-6.0353545e-06,-1.0451709e-13,15.249238
1,0.99998736,-0.00016867829,-2.415867e-10,11.278934
1,0.9895459,-0.06697288,-0.00017425581,4.55025
1,0.99999976,-4.8716597e-06,-8.221771e-14,15.249238
1,0.99978095,-0.002321184,-6.845543e-08,8.426005
1,0.9999993,-1.0658752e-05,-6.879999e-13,14.150625
1,0.99996185,-0.00047622583,-1.9805466e-09,10.1740265
1,0.9991026,-0.0072985054,-1.580698e-06,7.015103
1,0.9990355,-0.008170035,-1.6585033e-06,6.9429126
1,0.99998796,-0.00015714951,-2.41118e-10,11.327252
1,0.9999974,-3.8137823e-05,-1.260057e-11,12.85134
1,0.99999154,-0.00011401131,-1.1119103e-10,11.679697
1,1.0,-6.687122e-07,-0.0,inf
1,0.9999976,-3.62606e-05,-7.247091e-12,12.9466505
1,0.9999968,-4.6555302e-05,-1.5611339e-11,12.646545
1,0.99924195,-0.00645996,-1.0549369e-06,7.1840005
1,0.9998243,-0.0017089443,-6.1087185e-08,8.646475
1,0.9998576,-0.0014299715,-3.9141437e-08,8.85676
1,0.9999269,-0.0008731154,-7.0911264e-09,9.523947
1,0.9968242,-0.024574634,-1.5710068e-05,5.7490163
0,0.026268909,-0.12539268,-7.072216,-3.612749
1,0.99945,-0.005071414,-5.095794e-07,7.505093
1,0.9997103,-0.0029826027,-1.1759808e-07,8.146449
1,0.9999982,-2.5900748e-05,-5.5983018e-12,13.234333
1,0.999974,-0.00032455905,-1.0140834e-09,10.557864
1,0.9953431,-0.030239858,-4.2519132e-05,5.364735
1,0.99532986,-0.03252255,-3.794076e-05,5.3618846
1,0.9999907,-0.00012534492,-1.3992954e-10,11.585667
1,0.99900615,-0.009419933,-1.2373977e-06,6.912932
1,0.51912355,-0.69615436,-0.6298442,0.07653151
1,1.0,-2.6525862e-07,-0.0,inf
1,0.9999999,-2.2767208e-06,-2.0019434e-14,15.942385
1,0.9999664,-0.00039781875,-2.0395432e-09,10.300445
1,0.9976542,-0.019331919,-7.513201e-06,6.05278
1,0.9999999,-1.8312812e-06,-1.7844777e-14,15.942385
1,0.9480022,-0.24603099,-0.004169358,2.9031558
1,0.99999934,-9.351479e-06,-6.5839136e-13,14.237637
1,0.99999976,-3.3395784e-06,-7.3537564e-14,15.249238
1,0.9999894,-0.00014388104,-1.5505162e-10,11.453738
1,0.9999361,-0.0007146094,-7.106449e-09,9.658187
1,0.99973184,-0.0029144723,-8.690206e-08,8.223654
1,0.99995756,-0.0005210815,-2.5237574e-09,10.067412
1,0.99997663,-0.00029280555,-8.474017e-10,10.6642475
1,0.9999883,-0.00014753886,-2.6761493e-10,11.357406
1,1.0,-6.930986e-08,-0.0,inf
1,0.99999714,-4.2912056e-05,-1.1168101e-11,12.764328
1,0.9998867,-0.0011782717,-2.3810857e-08,9.085283
1,0.99999964,-4.8579727e-06,-1.6452647e-13,14.843773
1,0.9911498,-0.050666027,-0.00015732,4.718424
1,0.9999526,-0.0005412683,-4.07819e-09,9.957143
1,0.9999974,-4.127386e-05,-8.923934e-12,12.85134
1,1.0,-2.2485952e-07,-0.0,inf
1,0.9999975,-3.680794e-05,-9.867654e-12,12.897861
1,0.9990256,-0.008898068,-1.3391209e-06,6.932697
1,0.9999376,-0.0006684175,-7.773735e-09,9.681786
1,0.9990859,-0.0074698697,-1.6096241e-06,6.9966593
1,0.9999626,-0.0004531523,-2.1927304e-09,10.194549
1,0.9902772,-0.058865376,-0.00016987733,4.6235085
1,0.99939394,-0.0055988207,-5.968402e-07,7.407925
1,0.9999983,-2.5712403e-05,-4.3317862e-12,13.268235
1,0.7718517,-0.6915437,-0.08968736,1.2187967
1,0.9999398,-0.0007020262,-5.24049e-09,9.717767
1,0.9999987,-2.049265e-05,-2.4162994e-12,13.544489
1,0.9999989,-1.718388e-05,-1.4489672e-12,13.745159
1,0.9993843,-0.005863757,-5.308642e-07,7.392109
1,0.9997329,-0.002560271,-1.3062127e-07,8.227664
1,0.99994147,-0.0007080278,-4.6732485e-09,9.745883
1,0.999745,-0.0024064821,-1.2569951e-07,8.274036
1,1.0,-2.648774e-07,-0.0,inf
1,0.99998873,-0.00015195232,-2.0120138e-10,11.393774
1,0.9999988,-1.9148873e-05,-2.3637882e-12,13.639799
1,0.9971936,-0.020074854,-1.4904443e-05,5.8730335
1,0.99292773,-0.051217157,-6.828672e-05,4.9444766
1,0.9999831,-0.0002197848,-4.3820236e-10,10.986541
1,0.9999999,-1.7795528e-06,-1.7487886e-14,15.942385
1,1.0,-1.5744573e-07,-0.0,inf
1,0.99991584,-0.0009626785,-1.0739887e-08,9.382686
0,0.010508758,-0.39434606,-6.4570007,-4.544982
1,0.99999976,-3.4751863e-06,-9.147564e-14,15.249238
1,0.99848145,-0.012515968,-3.4439993e-06,6.488481
1,0.9999995,-7.362653e-06,-3.2727008e-13,14.55609
1,0.9999999,-2.8535849e-06,-2.1293829e-14,15.942385
1,0.99982256,-0.0017574376,-5.9498053e-08,8.636683
1,0.999998,-3.1852218e-05,-4.926002e-12,13.10917
1,0.9999956,-6.173774e-05,-3.2139576e-11,12.331463
1,0.9999527,-0.0005289824,-4.2872683e-09,9.958402
1,0.99999976,-3.1893155e-06,-6.643008e-14,15.249238
1,0.9605721,-0.16773418,-0.0031554243,3.193056
1,0.99999934,-1.0043304e-05,-6.082958e-13,14.237637
1,0.99999344,-9.305879e-05,-6.121992e-11,11.935045
1,0.99999905,-1.540813e-05,-1.5297952e-12,13.862943
1,1.0,-4.0204472e-07,-0.0,inf
1,0.99995697,-0.0004830649,-3.5893408e-09,10.053464
1,0.99423647,-0.039234117,-5.533113e-05,5.150425
1,0.99999964,-6.9599255e-06,-1.961593e-13,14.843773
1,1.0,-4.5678493e-07,-0.0,inf
1,0.9998645,-0.0014139103,-3.230537e-08,8.906541
1,0.9999871,-0.00016689458,-2.8191713e-10,11.2602415
1,0.9999991,-1.364761e-05,-1.4841305e-12,13.927482
1,0.9998617,-0.0015137687,-2.7264573e-08,8.886071
1,0.9999742,-0.00030185276,-1.3228963e-09,10.564769
1,0.99995154,-0.0005827187,-3.3859198e-09,9.934752
1,0.84181106,-0.44918287,-0.053796194,1.6717656
1,0.9999995,-7.56154e-06,-3.33099e-13,14.55609
1,0.98076355,-0.11252184,-0.000555997,3.9315248
1,0.99999964,-5.9333784e-06,-1.7640605e-13,14.843773
1,0.9999902,-0.0001298472,-1.5602328e-10,11.535656
1,0.99999714,-4.1969095e-05,-1.1882458e-11,12.764328
1,0.99993676,-0.0007062525,-7.1617765e-09,9.668502
1,0.9976866,-0.018846694,-7.392182e-06,6.0667315
1,0.9993236,-0.0057115965,-8.900703e-07,7.298059
1,1.0,-1.4791063e-06,-2.9582355e-15,inf
1,0.9990803,-0.0077166413,-1.5188374e-06,6.9905434
1,0.9999973,-4.3286367e-05,-9.38604e-12,12.828867
1,0.9999999,-1.2338619e-06,-1.756237e-14,15.942385
1,0.9999995,-7.769824e-06,-3.065804e-13,14.55609
1,0.99997056,-0.00035020406,-1.5586259e-09,10.432967
1,0.99973094,-0.0025643283,-1.3604264e-07,8.2203245
1,0.9998229,-0.0019062875,-4.5017185e-08,8.638701
1,0.99996185,-0.0004392843,-2.7479174e-09,10.1740265
1,0.9999744,-0.0003266505,-9.579323e-10,10.57405
1,0.9999141,-0.00091037794,-1.4138459e-08,9.362354
1,0.99997723,-0.00029160042,-7.5531637e-10,10.690089
1,0.99999857,-2.163649e-05,-3.029799e-12,13.457478
1,0.9999987,-2.0471933e-05,-2.3886945e-12,13.544489
1,0.9998155,-0.0019376071,-5.06408e-08,8.597805
1,0.9995554,-0.0041268216,-3.4508253e-07,7.7179112
1,0.99999046,-0.0001266593,-1.4528545e-10,11.560349
1,0.99998283,-0.00022951108,-3.8343737e-10,10.972555
1,0.99992394,-0.0008539815,-9.005532e-09,9.483971
1,0.99970186,-0.0031837486,-1.14421056e-07,8.117641
1,0.99999964,-7.76094e-06,-2.574874e-13,14.843773
1,0.99998444,-0.00019544433,-4.204575e-10,11.070996
0,4.214843e-05,-0.024905538,-15.834298,-10.074271
1,0.9999871,-0.0001738186,-2.429557e-10,11.2602415
1,0.99995756,-0.00052264135,-2.3892457e-09,10.067412
1,0.9999855,-0.0001887113,-3.2849756e-10,11.142456
1,0.99998724,-0.00017013913,-2.2943131e-10,11.269544
1,0.9872195,-0.07512669,-0.00028802062,4.346973
1,0.9999937,-8.655358e-05,-6.166158e-11,11.972087
1,0.7227467,-0.9616466,-0.11736529,0.95812714
1,0.9999931,-9.8421195e-05,-6.4729944e-11,11.881935
1,0.999919,-0.00091426796,-9.942301e-09,9.420947
1,0.99999964,-4.79518e-06,-1.6405249e-13,14.843773
1,0.99977356,-0.0021594104,-1.0014831e-07,8.392813
1,0.99995965,-0.00047253777,-2.7809137e-09,10.117821
1,0.9999702,-0.00035703406,-1.4600108e-09,10.420895
1,0.8313176,-0.45714575,-0.062154703,1.5949943
1,0.99988824,-0.0011566087,-2.3896474e-08,9.099056
1,0.89102244,-0.35629475,-0.024656937,2.1012278
1,0.9999462,-0.00060320226,-5.3959646e-09,9.829756
1,0.95116264,-0.22732827,-0.0038866736,2.9691894
1,0.9999166,-0.00096228835,-9.764616e-09,9.391936
1,0.9992601,-0.0066684214,-8.384019e-07,7.2082925
1,0.9999995,-8.200926e-06,-4.4563992e-13,14.55609
1,0.99862874,-0.011990475,-2.7369938e-06,6.5906496
1,0.9999974,-3.693212e-05,-1.3795513e-11,12.85134
1,0.9999988,-1.6881486e-05,-2.2472636e-12,13.639799
1,0.9999392,-0.0006760534,-6.802417e-09,9.707913
1,0.99999624,-5.325377e-05,-2.6820945e-11,12.4923935
1,0.99999964,-5.3387703e-06,-1.8444973e-13,14.843773
1,0.9998142,-0.0020108088,-4.8759738e-08,8.59072
1,0.99988025,-0.0012939342,-2.2817728e-08,9.03002
1,0.99945515,-0.005355088,-4.05756e-07,7.5144625
1,0.999987,-0.00016928872,-2.5609964e-10,11.251024
1,0.9992736,-0.0061529786,-1.0078465e-06,7.2266808
0,0.0046935054,-0.10431652,-9.331909,-5.356871
1,0.9999924,-0.00010488201,-8.5787974e-11,11.783494
1,0.9999988,-1.9063313e-05,-1.8784063e-12,13.639799
1,0.9999999,-3.2046337e-06,-3.0420297e-14,15.942385
1,1.0,-1.1548569e-06,-0.0,inf
1,0.9999988,-1.8480838e-05,-2.3167319e-12,13.639799
1,0.9999963,-5.3325923e-05,-1.9821663e-11,12.508394
1,0.99997556,-0.0002999297,-9.455826e-10,10.61935
1,0.9994815,-0.0046048723,-4.9955236e-07,7.56405
1,0.9999995,-7.5938024e-06,-3.0412985e-13,14.55609
1,0.99999976,-5.9904246e-06,-1.1396494e-13,15.249238
1,0.9997369,-0.0027308974,-9.213243e-08,8.242733
1,0.99984604,-0.001516836,-4.69186e-08,8.778671
1,0.99998957,-0.00013326346,-2.1028143e-10,11.470736
1,0.99999857,-2.2727105e-05,-2.9496054e-12,13.457478
1,0.9999989,-1.7781822e-05,-1.6922874e-12,13.745159
1,0.9995812,-0.004048089,-2.8460764e-07,7.7777405
1,0.9999988,-1.8723029e-05,-2.3497298e-12,13.639799
1,0.54334056,-0.71986854,-0.54997575,0.17379838
1,0.99590737,-0.02723382,-3.2546548e-05,5.4944654
1,0.9999944,-7.716061e-05,-4.8703996e-11,12.092232
1,0.9999528,-0.0005312379,-4.2051433e-09,9.960924
1,0.9999704,-0.00036192854,-1.4812971e-09,10.426912
1,0.9999753,-0.0002875891,-1.2007411e-09,10.609642
1,0.99987245,-0.0013415216,-2.783844e-08,8.966844
1,0.9998194,-0.0018345559,-5.593674e-08,8.619034
1,0.9999893,-0.00015023346,-1.4549666e-10,11.442565
1,0.94082713,-0.24524418,-0.0066819866,2.7662964
1,0.9998414,-0.0016288128,-4.4160203e-08,8.748917
1,0.9999809,-0.00025295673,-4.9553556e-10,10.867192
1,0.9999573,-0.00049305346,-3.3120127e-09,10.06181
1,0.9999999,-3.466207e-06,-2.401312e-14,15.942385
1,0.9999672,-0.000413118,-1.4495823e-09,10.325582
1,0.9999987,-2.0643258e-05,-2.6847825e-12,13.544489
1,0.9350114,-0.30450785,-0.006238207,2.6663465
1,0.9999449,-0.0006225475,-5.3069553e-09,9.806766
1,1.0,-8.747953e-07,-2.0965031e-15,inf
1,0.9999454,-0.00060281134,-5.692083e-09,9.815461
1,0.99822193,-0.013216149,-6.231974e-06,6.330449
1,0.9999988,-1.9035555e-05,-1.9609375e-12,13.639799
1,1.0,-8.213938e-08,-0.0,inf
1,0.9999467,-0.0005999647,-5.180896e-09,9.839773
1,0.9998504,-0.0015060485,-4.2728587e-08,8.807344
1,0.9975247,-0.017332679,-1.2267278e-05,5.9989066
1,0.99928993,-0.0066937134,-6.939498e-07,7.2494364
1,0.9999971,-4.3836917e-05,-1.2490998e-11,12.74371
1,0.8334792,-0.4542349,-0.060476445,1.6104887
1,0.99997604,-0.00027993225,-1.1343437e-09,10.639056
1,1.0,-5.296218e-07,-0.0,inf
1,0.9999665,-0.00041703778,-1.6629617e-09,10.303997
1,0.99994856,-0.0005812072,-4.900631e-09,9.875066
1,0.9999968,-4.5581703e-05,-1.8975245e-11,12.646545
1,0.9997466,-0.0026558465,-8.909075e-08,8.28037
1,0.99998534,-0.00019377022,-3.2039577e-10,11.130186
1,0.9999975,-3.752805e-05,-8.002807e-12,12.897861
0,0.050049964,-0.46911988,-4.7931843,-2.9433875
1,0.99999154,-0.00011335437,-1.10532986e-10,11.679697
1,0.9999893,-0.00014778196,-1.522201e-10,11.442565
1,0.999992,-0.000110754474,-9.5079805e-11,11.737684
1,0.8774708,-0.46305358,-0.024382742,1.9686942
1,0.99983203,-0.0018726466,-3.631861e-08,8.691582
1,0.9992286,-0.0069780555,-8.845077e-07,7.1665277
1,0.9999957,-6.155235e-05,-2.6180245e-11,12.358862
1,0.9977818,-0.01690807,-8.607814e-06,6.1088443
1,1.0,-2.7940627e-07,-0.0,inf
1,0.99998295,-0.00021479573,-5.039375e-10,10.979524
1,0.99998,-0.00025873297,-5.8865723e-10,10.818401
1,0.99999857,-2.1442924e-05,-3.904946e-12,13.457478
1,0.999954,-0.00056164304,-2.939067e-09,9.986502
1,0.9999924,-0.0001060206,-7.6079615e-11,11.783494
1,0.9974546,-0.02087409,-8.837239e-06,5.9709125
1,0.9992248,-0.007309562,-8.125862e-07,7.1615906
1,0.99996614,-0.00042694106,-1.5378588e-09,10.293377
1,0.9963045,-0.02723214,-2.2152019e-05,5.5969405
1,0.9999697,-0.00038362644,-1.2744058e-09,10.405021
1,0.9079942,-0.32015198,-0.017245727,2.2893865
1,0.9999945,-8.103622e-05,-3.9737755e-11,12.113738
1,0.9999991,-1.48987565e-05,-1.1935034e-12,13.927482
1,0.9999999,-2.537049e-06,-2.5144844e-14,15.942385
1,0.98713154,-0.06999531,-0.00032819426,4.3400235
1,0.9999707,-0.00036351025,-1.2735776e-09,10.437024
1,0.9999968,-4.8224803e-05,-1.4660698e-11,12.646545
0,0.00461288,-0.04766054,-10.292162,-5.3742795
1,0.99999624,-5.6067533e-05,-2.1715114e-11,12.4923935
0,0.17810756,-0.6518759,-2.617592,-1.5292219
1,1.0,-4.226646e-07,-0.0,inf
0,0.030457612,-0.28780454,-5.9804244,-3.4604883
1,0.99999803,-2.9892966e-05,-4.8934754e-12,13.139023
1,0.999996,-5.9780148e-05,-2.135409e-11,12.430836
1,0.99999774,-3.3498447e-05,-9.32399e-12,12.997944
1,0.9999745,-0.00033377108,-8.477872e-10,10.576384
0,0.0023987698,-0.50843334,-7.489214,-6.0303974
0,0.3148973,-1.2284287,-1.1659142,-0.77732223
1,0.9998191,-0.001954122,-4.640298e-08,8.617385
1,0.9973599,-0.022009468,-9.174565e-06,5.934284
1,0.9999511,-0.0005341469,-4.749727e-09,9.926179
1,0.99615854,-0.026421387,-2.7920605e-05,5.558054
1,0.9999941,-8.597993e-05,-4.6077062e-11,12.040406
1,0.99926645,-0.006516799,-8.2788284e-07,7.216875
1,0.99995923,-0.00049824885,-2.3794078e-09,10.107533
1,0.99982315,-0.0018307847,-5.1875617e-08,8.640049
1,0.9999941,-8.615925e-05,-4.5499784e-11,12.040406
1,0.9950146,-0.034310088,-4.2012733e-05,5.2962456
1,0.99905306,-0.008213069,-1.4725742e-06,6.9613285
1,0.9999621,-0.0004352483,-2.6939588e-09,10.180296
1,0.99993867,-0.0007281994,-5.288994e-09,9.699128
1,0.9999988,-2.0136762e-05,-2.6184146e-12,13.639799
1,0.99999964,-6.5533295e-06,-1.522423e-13,14.843773
1,0.999986,-0.00018821107,-2.9137562e-10,11.175933
0,0.0013909069,-0.013248992,-12.964417,-6.5764074
1,0.9999974,-4.0355633e-05,-9.110775e-12,12.85134
1,0.9817676,-0.10265164,-0.0005223774,3.986154
1,0.999916,-0.0009939917,-9.108475e-09,9.384813
1,0.99804026,-0.016402254,-5.2152363e-06,6.232981
1,0.9999995,-8.329258e-06,-3.2608025e-13,14.55609
1,0.99991345,-0.0009644121,-1.2045906e-08,9.354749
1,0.99998796,-0.0001599347,-2.2116317e-10,11.327252
1,0.99999976,-3.2138e-06,-6.6544955e-14,15.249238
0,0.27538276,-0.9713586,-1.5329483,-0.9674816
1,0.9938777,-0.046140067,-4.7045432e-05,5.089678
1,0.99999535,-7.008038e-05,-2.7703175e-11,12.278819
1,0.999977,-0.00029492562,-7.339042e-10,10.679672
1,0.9999715,-0.00037333026,-9.944684e-10,10.465893
1,0.9999983,-2.5098825e-05,-4.247043e-12,13.268235
1,0.9994342,-0.005109007,-5.651171e-07,7.4766564
1,0.99999905,-1.5716936e-05,-1.6108836e-12,13.862943
1,0.99994683,-0.0006065856,-4.845055e-09,9.842013
1,0.9986232,-0.011049421,-3.4650845e-06,6.58661
1,0.99998474,-0.00020301048,-3.2306705e-10,11.09034
1,0.9999789,-0.00027592856,-5.769214e-10,10.766214
1,0.9998472,-0.0015930571,-3.879465e-08,8.786056
1,0.99999964,-6.120272e-06,-1.6732286e-13,14.843773
1,0.99661434,-0.024763796,-1.9295745e-05,5.684814
1,0.9999693,-0.00038760007,-1.3677974e-09,10.391335
1,0.99995816,-0.0005226503,-2.2877515e-09,10.081557
1,0.99999785,-3.1301344e-05,-6.5024097e-12,13.0520115
1,0.8468967,-0.5461911,-0.03916809,1.7104659
0,0.36783174,-0.94020647,-1.1078523,-0.54153
1,0.9999785,-0.00026412937,-8.136203e-10,10.746633
1,0.99979466,-0.002038866,-7.4465966e-08,8.490647
1,0.99854213,-0.0120706195,-3.4508103e-06,6.52932
1,0.9999753,-0.0003039894,-9.836522e-10,10.609642
1,0.9999999,-2.3594166e-06,-2.060729e-14,15.942385
1,0.99891174,-0.009668868,-1.6941349e-06,6.822085
1,0.9999933,-8.804294e-05,-8.694681e-11,11.9170265
1,1.0,-4.2702152e-07,-0.0,inf
1,0.9992953,-0.006354598,-7.819305e-07,7.2570252
1,0.99999195,-0.00010465116,-1.2852856e-10,11.730249
1,0.99838537,-0.013495306,-3.9753177e-06,6.4270334
1,0.99858624,-0.0117418505,-3.0148599e-06,6.560086
0,0.013133818,-0.07021953,-8.549662,-4.319344
1,0.99998385,-0.0001994618,-4.811174e-10,11.033398
1,0.9998326,-0.0018535465,-3.6453958e-08,8.694781
1,0.99998915,-0.00014734031,-1.6188291e-10,11.431515
1,0.99995625,-0.0005302077,-2.8089437e-09,10.03698
1,0.99996185,-0.00046904272,-2.1246207e-09,10.1740265
1,0.9830741,-0.08744368,-0.00056984293,4.061841
1,0.9999875,-0.00017663192,-1.8372548e-10,11.288412
1,0.999996,-6.183742e-05,-2.0958247e-11,12.430836
1,0.99988544,-0.0013090867,-1.7623204e-08,9.074296
1,0.98623925,-0.07438914,-0.0003738509,4.272079
1,0.9999815,-0.00023329853,-5.638128e-10,10.898942
1,0.9526028,-0.22385073,-0.0038210074,3.000635
1,0.9999341,-0.00073618,-7.630666e-09,9.626962
1,0.99999654,-5.117402e-05,-1.8020186e-11,12.575086
1,0.9999973,-4.2479143e-05,-9.078872e-12,12.828867
1,0.99887586,-0.009008908,-2.4058352e-06,6.789609
1,0.99992925,-0.00084041443,-6.765907e-09,9.556277
1,0.99999416,-7.770646e-05,-6.893658e-11,12.050559
1,0.9999567,-0.0005353139,-2.520914e-09,10.047939
1,0.9999987,-2.0626196e-05,-3.265531e-12,13.544489
1,0.9996761,-0.0032418289,-1.5663517e-07,8.034778
1,0.9999387,-0.0007175606,-5.483921e-09,9.700101
1,0.99997854,-0.00027676814,-6.130805e-10,10.749407
1,0.9995592,-0.004027723,-3.4813985e-07,7.726532
1,0.9998399,-0.0016684254,-4.3915513e-08,8.739564
1,0.9999975,-3.9393137e-05,-8.226565e-12,12.897861
1,0.9999766,-0.00030897147,-7.0113665e-10,10.661699
1,0.99999547,-6.4490654e-05,-3.096687e-11,12.304794
1,0.9996504,-0.0034090164,-1.9241324e-07,7.958425
1,0.9998719,-0.0012817398,-3.2710084e-08,8.9626465
0,0.08905203,-0.45169616,-4.0892773,-2.325265
1,0.99999845,-2.2346265e-05,-3.505426e-12,13.377435
1,0.99999964,-9.135752e-06,-1.8802039e-13,14.843773
1,0.9999956,-6.0826682e-05,-3.648274e-11,12.331463
1,0.9999995,-7.765893e-06,-2.901839e-13,14.55609
1,0.9999327,-0.00077414565,-6.9774178e-09,9.606378
1,0.99999857,-2.3411763e-05,-2.6105858e-12,13.457478
1,0.9999783,-0.0002673996,-8.185419e-10,10.738357
1,0.9999882,-0.00015662577,-2.1557275e-10,11.347254
1,0.9980198,-0.014550714,-7.683438e-06,6.222583
1,0.9999728,-0.00033038075,-1.2762393e-09,10.513012
1,0.9995398,-0.0046384283,-2.732887e-07,7.683373
1,0.99998665,-0.00017758596,-2.5015762e-10,11.223873
1,0.99999976,-4.8996403e-06,-1.183114e-13,15.249238
1,0.9999688,-0.00039215683,-1.3431795e-09,10.375919
1,0.9999847,-0.00020208256,-3.404527e-10,11.086441
1,0.99646616,-0.023809463,-2.4660992e-05,5.64183
1,0.9999832,-0.00020378357,-5.433086e-10,10.993608
1,0.999998,-3.0947995e-05,-5.8147623e-12,13.10917
1,0.99999666,-5.0102863e-05,-1.6147349e-11,12.610177
1,0.9999925,-0.00010753341,-7.196918e-11,11.799243
1,0.93079174,-0.25285888,-0.009904958,2.5989153
1,0.9999982,-2.7520897e-05,-4.734115e-12,13.234333
1,0.99752015,-0.019093996,-1.0243607e-05,5.9970737
0,0.2617417,-1.1100864,-1.5230284,-1.0369357
1,0.9999845,-0.00019381903,-4.2384024e-10,11.074835
1,0.9999975,-3.6583468e-05,-1.0888458e-11,12.897861
1,0.99999976,-5.15659e-06,-8.0132874e-14,15.249238
1,0.9999882,-0.00015978377,-1.9910598e-10,11.347254
1,0.9980972,-0.014746799,-6.2859563e-06,6.262514
1,0.9999863,-0.00017748117,-2.964854e-10,11.197439
1,0.99999666,-4.8827245e-05,-1.601573e-11,12.610177
1,0.9999999,-1.5433752e-06,-1.7506175e-14,15.942385
1,0.99999905,-1.5332436e-05,-1.7241128e-12,13.862943
1,0.9934842,-0.041577715,-7.911237e-05,5.026988
1,0.961636,-0.16426279,-0.002985485,3.2215166
1,0.9999976,-3.6146812e-05,-8.92353e-12,12.9466505
1,0.83791965,-0.44889367,-0.057028264,1.64283
1,1.0,-4.9464904e-07,-0.0,inf
1,0.99999905,-1.5526555e-05,-1.190835e-12,13.862943
1,0.9213016,-0.27895254,-0.0128111,2.4601648
1,0.99991494,-0.0009591938,-1.1030746e-08,9.372118
1,0.9982108,-0.014941743,-4.532998e-06,6.324189
1,0.99997526,-0.00031364697,-9.088509e-10,10.607229
1,0.9998253,-0.0019159985,-4.1314294e-08,8.652259
1,1.0,-3.5888294e-07,-0.0,inf
1,0.9982641,-0.013227177,-5.710197e-06,6.354477
1,0.99995244,-0.00056563545,-3.558803e-09,9.953376
1,0.9892614,-0.06838241,-0.00017795959,4.523113
1,0.9999999,-3.4200712e-06,-2.9689345e-14,15.942385
1,0.9998259,-0.0017131871,-5.877997e-08,8.655677
1,0.9999917,-0.00011666433,-9.439764e-11,11.70105
1,0.99999934,-9.081369e-06,-7.229195e-13,14.237637
1,0.99970055,-0.003033041,-1.268153e-07,8.113251
1,0.9998792,-0.0012228725,-2.8757615e-08,9.021099
1,0.9999999,-1.3201676e-06,-1.7797416e-14,15.942385
1,0.99943244,-0.0049732006,-6.0407183e-07,7.4736047
1,0.9989875,-0.009296805,-1.4401003e-06,6.8943157
1,0.99999976,-4.699881e-06,-7.8154246e-14,15.249238
1,0.9999952,-7.155061e-05,-3.098419e-11,12.241078
1,0.9993403,-0.0063656033,-5.7837616e-07,7.323059
1,0.99993837,-0.00070869265,-6.253544e-09,9.694281
1,0.9999787,-0.0002591789,-8.3794705e-10,10.757775
1,0.99774104,-0.016946478,-9.319778e-06,6.090591
1,0.9999847,-0.0002041896,-3.2942127e-10,11.086441
1,0.8745298,-0.39793158,-0.03272727,1.941618
1,1.0,-1.0158583e-06,-2.8037784e-15,inf
1,0.99999624,-5.1890456e-05,-2.5772575e-11,12.4923935
1,0.97669697,-0.11634467,-0.0010453284,3.735593
1,1.0,-1.0128388e-06,-2.094265e-15,inf
1,0.9999516,-0.00054319977,-4.355354e-09,9.935984
1,0.99870765,-0.01101583,-2.4496546e-06,6.6500015
1,0.9997016,-0.0029178967,-1.5010262e-07,8.116841
1,0.99999607,-5.8518974e-05,-1.9039563e-11,12.445873
1,0.9173965,-0.2971924,-0.013863772,2.4074876
1,0.9985671,-0.011564377,-3.6280674e-06,6.546624
1,0.8561864,-0.5621723,-0.034542102,1.7839701
1,0.9984949,-0.012949267,-3.1048364e-06,6.497405
1,0.9999898,-0.00013788833,-1.5953974e-10,11.493858
1,0.99999666,-4.7684924e-05,-1.8089578e-11,12.610177
1,0.99999964,-4.4266585e-06,-1.4717333e-13,14.843773
1,0.9999126,-0.0009953597,-1.0986067e-08,9.345152
0,0.0038086432,-0.12240882,-9.477742,-5.5666666
1,1.0,-9.907734e-08,-0.0,inf
1,0.870375,-0.5142144,-0.025432033,1.9042783
1,0.99985635,-0.001547239,-3.041925e-08,8.848006
1,1.0,-1.1598535e-06,-2.6085383e-15,inf
1,0.9999999,-1.8929057e-06,-1.778376e-14,15.942385
1,0.9999924,-0.00010129057,-1.04596436e-10,11.783494
1,0.9999999,-1.747775e-06,-1.7745605e-14,15.942385
1,0.9999684,-0.0003902287,-1.5440976e-09,10.362624
1,0.9999869,-0.00016631224,-3.1228264e-10,11.241892
0,0.44545957,-0.69762975,-0.89413524,-0.21903317
1,0.99998724,-0.0001750522,-2.0874331e-10,11.269544
1,0.9999764,-0.00031073627,-7.148795e-10,10.654095
0,0.010775381,-0.060374573,-8.956684,-4.5196576
1,0.98202693,-0.09131239,-0.0006449673,4.0007443
1,0.9999836,-0.00021421496,-3.9270914e-10,11.018744
1,0.99994135,-0.00068763975,-5.2357816e-09,9.743848
1,0.99999845,-2.3257318e-05,-3.9709104e-12,13.377435
1,0.99930453,-0.0065999497,-6.4594747e-07,7.2702312
1,0.9984991,-0.012264117,-3.7853572e-06,6.5001855
1,0.99989676,-0.0011382988,-1.7374491e-08,9.178397
1,1.0,-7.849244e-07,-0.0,inf
1,0.9999999,-2.3417306e-06,-1.8595231e-14,15.942385
1,0.9999989,-1.6453676e-05,-1.6730311e-12,13.745159
1,0.99963737,-0.0034921092,-1.9708656e-07,7.921752
1,0.9999993,-1.1199152e-05,-6.6248233e-13,14.150625
1,0.9999788,-0.0002723728,-6.4800965e-10,10.76058
1,0.9986596,-0.01051404,-3.4354198e-06,6.613454
1,0.9998283,-0.0017806555,-4.977788e-08,8.669468
1,0.99999547,-6.7420246e-05,-2.6608197e-11,12.304794
1,0.9999416,-0.00062872097,-6.815605e-09,9.747921
1,0.9999419,-0.0006789827,-4.8708433e-09,9.7530365
1,0.9998527,-0.0015800488,-3.2093688e-08,8.823007
1,0.99999356,-8.6874985e-05,-7.703567e-11,11.953395
1,0.99990726,-0.0010665448,-1.1864826e-08,9.285566
1,0.9999983,-2.743541e-05,-4.5913516e-12,13.268235
1,0.99149245,-0.050346874,-0.00014174449,4.7582574
0,0.0018093514,-0.06870269,-10.705557,-6.312976
1,0.999357,-0.0060828696,-5.7363343e-07,7.3486996
1,0.99984336,-0.0016902678,-3.578782e-08,8.761397
1,0.99983823,-0.0016035736,-5.0163663e-08,8.729192
1,0.99988616,-0.0012393225,-1.920072e-08,9.08056
1,0.999993,-9.176971e-05,-9.8098474e-11,11.873351
1,0.9999993,-1.1099204e-05,-8.6279036e-13,14.150625
1,0.99999714,-4.2342654e-05,-1.3712028e-11,12.764328
1,0.99999475,-7.171233e-05,-4.8285348e-11,12.158191
1,0.99261343,-0.05118643,-8.27731e-05,4.9006786
1,0.9999987,-2.2119202e-05,-2.2262509e-12,13.544489
1,1.0,-8.742673e-08,-0.0,inf
1,0.9999691,-0.0003601024,-1.7970149e-09,10.385527
1,0.99999434,-8.225995e-05,-4.4306475e-11,12.08165
1,0.9999995,-8.5128195e-06,-3.064845e-13,14.55609
1,1.0,-3.2135102e-07,-0.0,inf
1,0.9999691,-0.00038758534,-1.3803951e-09,10.385527
1,0.9999912,-0.00011909452,-1.2248745e-10,11.638311
1,0.9999849,-0.00020310954,-3.0488617e-10,11.102128
1,0.99999547,-6.542262e-05,-3.0509276e-11,12.304794
1,0.9998022,-0.0020578182,-6.239563e-08,8.527916
1,0.9998105,-0.0019026101,-6.48335e-08,8.571021
1,0.9999896,-0.00014192524,-1.5137834e-10,11.476467
1,0.99998105,-0.00024046132,-5.99852e-10,10.873462
1,0.99999774,-3.2440807e-05,-9.323592e-12,12.997944
1,0.9999987,-1.999901e-05,-2.6712593e-12,13.544489
1,0.99154365,-0.05319168,-0.00012728949,4.7643456
1,0.9999969,-4.6448036e-05,-1.5030548e-11,12.684285
1,0.99511814,-0.03467814,-3.9367893e-05,5.3173356
1,0.9999999,-3.2764024e-06,-2.0354164e-14,15.942385
1,0.9999983,-2.6026373e-05,-3.5330699e-12,13.268235
1,1.0,-3.6937382e-07,-0.0,inf
1,0.9999894,-0.00013891266,-1.8940541e-10,11.453738
1,0.9999922,-0.00011399335,-7.786197e-11,11.760327
1,0.9999963,-5.4279662e-05,-1.7959372e-11,12.508394
1,0.8311472,-0.45500588,-0.062417015,1.5937796
1,0.99922657,-0.0072898306,-8.4373016e-07,7.163902
1,0.9999957,-6.4270076e-05,-2.4212316e-11,12.358862
1,0.9999654,-0.0004038662,-2.1545348e-09,10.2724695
1,0.9999917,-0.00011254958,-1.1941538e-10,11.70105
0,0.002126219,-0.054076206,-10.970368,-6.1512814
1,0.999998,-2.996158e-05,-5.673858e-12,13.10917
1,0.99998415,-0.00019704974,-4.7213294e-10,11.05202
1,0.99997765,-0.0002860516,-7.1357514e-10,10.708584
1,0.9999988,-1.9391027e-05,-2.0924419e-12,13.639799
1,0.9999912,-0.00012348394,-1.0287462e-10,11.638311
1,1.0,-1.0699239e-06,-2.4494387e-15,inf
1,0.9999511,-0.0005526934,-4.4234327e-09,9.926179
1,0.99999344,-9.023341e-05,-6.524037e-11,11.935045
1,0.999965,-0.0004103568,-2.177405e-09,10.260472
1,0.9869365,-0.0704432,-0.00033989793,4.3247843
1,0.99999785,-3.2595217e-05,-6.5960453e-12,13.0520115
1,0.99999785,-3.3428194e-05,-6.9810525e-12,13.0520115
1,0.77626514,-0.64467764,-0.098958135,1.2440325
1,0.99999905,-1.5153614e-05,-1.4334059e-12,13.862943
1,0.999971,-0.00034356466,-1.5332752e-09,10.447239
1,1.0,-3.5009438e-07,-0.0,inf
1,1.0,-4.9794215e-07,-0.0,inf
1,0.99969804,-0.0028878648,-1.6556301e-07,8.104923
1,0.99999964,-7.320931e-06,-1.8440037e-13,14.843773
1,0.9999999,-1.2584375e-06,-1.8070594e-14,15.942385
0,0.41572568,-0.93646824,-0.87592685,-0.34034494
1,0.98025525,-0.10521191,-0.00069449894,3.904925
1,0.9997249,-0.0025731937,-1.4718445e-07,8.19819
1,0.9999941,-8.528117e-05,-4.6648595e-11,12.040406
1,0.9999993,-1.1680939e-05,-1.0935542e-12,14.150625
1,0.9999906,-0.00012919526,-1.214933e-10,11.572927
1,0.9997752,-0.002222021,-8.9598274e-08,8.399947
1,0.9997491,-0.0023679833,-1.2269432e-07,8.290301
1,0.98833734,-0.068620585,-0.0002467817,4.4396315
1,0.9999956,-6.653238e-05,-2.5202238e-11,12.331463
1,0.9999906,-0.00012161866,-1.6852353e-10,11.572927
1,0.9999999,-3.131864e-06,-2.8661542e-14,15.942385
1,0.9999973,-3.996565e-05,-1.2987526e-11,12.828867
1,0.99997765,-0.00027203152,-9.0755603e-10,10.708584
1,0.99997663,-0.00030156053,-7.504179e-10,10.6642475
1,0.99943846,-0.004913095,-5.9640695e-07,7.484274
1,0.9999999,-1.2437347e-06,-1.7901264e-14,15.942385
1,0.9999928,-0.00010102217,-7.554319e-11,11.839735
1,0.9999466,-0.0006435198,-3.8862327e-09,9.837539
1,0.9998514,-0.0015324319,-3.9397623e-08,8.814141
1,0.9999999,-2.686932e-06,-2.2647262e-14,15.942385
1,0.9962534,-0.027544096,-2.315057e-05,5.583145
1,0.9572931,-0.17655809,-0.0037270384,3.109749
1,0.9997726,-0.0021679911,-1.008994e-07,8.388609
1,0.99995756,-0.00050509593,-2.7284048e-09,10.067412
1,0.9999999,-2.2485349e-06,-2.847424e-14,15.942385
1,0.9999987,-2.2067336e-05,-2.3417837e-12,13.544489
1,0.9999839,-0.00021193159,-3.5812417e-10,11.037094
1,0.9998409,-0.0017666601,-3.2941557e-08,8.745914
1,0.9999926,-0.000101738224,-9.033197e-11,11.815244
1,0.53587997,-0.6970872,-0.577969,0.14376698
1,0.99997634,-0.0003047872,-7.945256e-10,10.651572
1,0.99976605,-0.0025306803,-6.9847765e-08,8.360177
1,0.9922297,-0.04835934,-0.00011194621,4.849646
1,0.999408,-0.005665044,-5.0140125e-07,7.431423
1,0.9965972,-0.023499398,-2.2159036e-05,5.6797395
1,0.9999693,-0.0003605351,-1.7600845e-09,10.391335
1,0.99999344,-9.3556366e-05,-5.919141e-11,11.935045
1,1.0,-7.884661e-07,-0.0,inf
1,0.9999988,-1.7892806e-05,-1.933228e-12,13.639799
1,0.999975,-0.0003120946,-9.754905e-10,10.597636
1,0.954649,-0.23104596,-0.0030665349,3.0469108
1,0.9998649,-0.0013787001,-3.4511125e-08,8.909184
1,0.9999893,-0.0001462442,-1.682486e-10,11.442565
1,0.99973327,-0.0028369445,-9.0784816e-08,8.229004
1,0.99995995,-0.00049899815,-2.1173117e-09,10.125234
1,0.9358441,-0.32245308,-0.005625334,2.6801333
1,0.9998822,-0.0011854982,-2.7633524e-08,9.046585
1,0.999946,-0.0006310329,-4.7316817e-09,9.826439
1,0.99999493,-7.301758e-05,-3.7954025e-11,12.192876
1,0.9999945,-7.35302e-05,-6.075566e-11,12.113738
1,0.9999988,-1.9101304e-05,-1.7263409e-12,13.639799
1,0.9999753,-0.00030404952,-9.876153e-10,10.609642
1,0.9703142,-0.13621868,-0.0017670956,3.4869514
0,0.2051735,-0.5132851,-2.51446,-1.3542678
1,0.72076523,-0.6494235,-0.17324284,0.94826055
1,0.99992263,-0.0009019837,-8.233054e-09,9.466875
1,0.9999633,-0.00045319428,-1.8481409e-09,10.212249
1,0.9999982,-2.8707324e-05,-4.7832662e-12,13.234333
1,0.9999823,-0.00023821082,-4.0470266e-10,10.941783
1,0.99979895,-0.0021342107,-5.8877212e-08,8.511773
1,0.9999937,-8.8191315e-05,-6.057936e-11,11.972087
1,0.9999999,-1.458978e-06,-1.8199448e-14,15.942385
1,0.997558,-0.020052835,-8.275276e-06,6.012492
1,0.9999879,-0.00016898266,-1.8104311e-10,11.322314
1,0.99993956,-0.0006613278,-6.9853843e-09,9.713814
1,0.99998856,-0.00014993135,-1.9644963e-10,11.378026
1,0.998481,-0.012846768,-3.3530475e-06,6.488167
1,0.99997854,-0.00025998423,-8.377848e-10,10.749407
1,0.99998957,-0.00013824062,-1.8355212e-10,11.470736
1,0.9270257,-0.26151758,-0.011055404,2.5418737
1,0.99892974,-0.008796513,-2.1192443e-06,6.838782
1,0.99934435,-0.005528491,-8.460392e-07,7.329226
1,0.94764423,-0.21750194,-0.0053835567,2.8959172
1,0.99504936,-0.03288997,-4.5973793e-05,5.303275
1,0.8254902,-0.50800323,-0.06315323,1.5539963
1,0.9999987,-2.0967973e-05,-2.3933392e-12,13.544489
1,0.9999963,-5.5135824e-05,-1.9650686e-11,12.508394
0,0.27231765,-0.6437434,-1.8558413,-0.9828954
1,0.9997669,-0.0023120856,-9.6457306e-08,8.36375
1,1.0,-7.993497e-07,-2.623352e-15,inf
1,0.99999976,-4.3687396e-06,-9.662689e-14,15.249238
1,0.9998765,-0.0013236225,-2.5478776e-08,8.999139
1,0.9999974,-4.0554398e-05,-9.47048e-12,12.85134
1,0.99999976,-4.268262e-06,-8.5163945e-14,15.249238
1,0.99999195,-0.000110798865,-1.03572324e-10,11.730249
1,0.99999714,-4.239924e-05,-1.2740503e-11,12.764328
1,0.99999624,-5.707983e-05,-1.8793741e-11,12.4923935
1,0.89769477,-0.33489704,-0.021922747,2.1718693
1,0.99996185,-0.00047786764,-1.925526e-09,10.1740265
1,0.99999845,-2.408348e-05,-3.929377e-12,13.377435
1,0.99996316,-0.0004454921,-2.1363296e-09,10.209007
1,0.9999669,-0.00038491513,-2.067931e-09,10.316531
1,0.9999924,-0.00010664664,-7.7418336e-11,11.783494
1,0.9260093,-0.2663632,-0.011315547,2.5269449
1,0.9999995,-7.921417e-06,-2.811584e-13,14.55609
1,0.99999434,-8.003538e-05,-4.709891e-11,12.08165
1,0.99999845,-2.3679846e-05,-2.9064526e-12,13.377435
1,0.9999999,-2.2261668e-06,-2.499341e-14,15.942385
1,0.98810285,-0.06685406,-0.0002743372,4.419488
1,0.99999547,-6.434685e-05,-3.08837e-11,12.304794
1,0.94861734,-0.20373179,-0.0054060007,2.9157047
1,0.9999361,-0.0007521352,-5.8883063e-09,9.658187
1,0.9999974,-3.922659e-05,-1.0511598e-11,12.85134
1,0.999984,-0.00021328576,-3.4770073e-10,11.044529
1,0.99999976,-4.4787203e-06,-7.746035e-14,15.249238
1,0.9991204,-0.007918908,-1.1157791e-06,7.0351796
1,0.99999934,-8.938899e-06,-7.323272e-13,14.237637
1,0.99994296,-0.00065088057,-5.4889875e-09,9.771672
1,0.9997569,-0.002513927,-8.5633545e-08,8.321682
1,0.9998912,-0.0011224148,-2.2838327e-08,9.126088
1,0.99999905,-1.4317054e-05,-1.0844715e-12,13.862943
1,1.0,-3.4843826e-08,-0.0,inf
1,1.0,-8.7010875e-07,-0.0,inf
1,0.85839605,-0.46130747,-0.038905643,1.8020315
1,0.999996,-5.911518e-05,-2.2848655e-11,12.430836
1,0.9998418,-0.0015608871,-4.9126104e-08,8.751551
1,0.98820126,-0.070445284,-0.00024741192,4.4278936
0,0.21804272,-1.0558505,-1.6858213,-1.2771091
1,0.99994946,-0.0005653731,-4.743672e-09,9.892601
1,0.99902415,-0.009207405,-1.2421478e-06,6.931228
1,0.99998474,-0.00020567192,-2.9856273e-10,11.09034
1,0.99999356,-9.003605e-05,-6.208536e-11,11.953395
1,0.99957716,-0.004093491,-2.7586427e-07,7.768105
1,0.9999989,-1.7501303e-05,-1.5111742e-12,13.745159
1,0.9999579,-0.0005188799,-2.3603535e-09,10.075875
1,0.99999154,-0.000116209245,-1.0404534e-10,11.679697
1,0.9999893,-0.00014386645,-1.848766e-10,11.442565
1,0.9999995,-8.542904e-06,-4.43887e-13,14.55609
1,0.9999939,-8.50212e-05,-5.4104075e-11,12.010553
1,0.9999993,-1.1852643e-05,-6.9257864e-13,14.150625
1,0.9812235,-0.1081114,-0.0005432868,3.9561954
1,0.9996106,-0.0035228403,-2.9266698e-07,7.8505216
1,0.9997921,-0.002149894,-6.4675476e-08,8.478241
1,0.9999002,-0.0011739981,-1.2914459e-08,9.212461
1,1.0,-1.0891599e-06,-0.0,inf
1,0.9989028,-0.009683164,-1.7512014e-06,6.813894
0,0.22274351,-1.1943855,-1.5418018,-1.2497494
1,0.99999666,-5.0766594e-05,-1.4243396e-11,12.610177
1,0.9999931,-9.458591e-05,-7.341143e-11,11.881935
1,0.99999624,-5.4533728e-05,-2.0816135e-11,12.4923935
1,0.9999995,-6.9471976e-06,-2.8206804e-13,14.55609
1,0.9999988,-1.8597e-05,-2.0764892e-12,13.639799
1,0.9999735,-0.0003164763,-1.2917822e-09,10.537432
0,1.8173363e-06,-0.0006714957,-22.924519,-13.218137
1,0.99997365,-0.00032712557,-1.0869824e-09,10.544196
1,1.0,-2.6275172e-08,-0.0,inf
1,0.99999934,-9.194588e-06,-5.5320576e-13,14.237637
1,0.99999934,-9.4293755e-06,-5.303699e-13,14.237637
1,0.99999964,-5.899892e-06,-1.7769429e-13,14.843773
1,0.99999934,-9.334022e-06,-5.5892227e-13,14.237637
1,0.9999901,-0.00012525778,-1.8908108e-10,11.523535
1,0.99998426,-0.00021408786,-3.049039e-10,11.059567
1,0.9999801,-0.0002596363,-5.431614e-10,10.824371
1,0.99999964,-5.9105573e-06,-2.106063e-13,14.843773
1,0.99999857,-2.0559459e-05,-3.945743e-12,13.457478
1,0.999532,-0.004125992,-4.2715374e-07,7.6665406
1,0.99902064,-0.008166313,-1.7576704e-06,6.9276276
1,0.99992716,-0.0008620467,-7.272358e-09,9.527215
1,0.4405871,-1.2735764,-0.5899583,-0.23877962
1,0.99999774,-3.2494885e-05,-8.37249e-12,12.997944
1,0.99999774,-3.602478e-05,-7.5458025e-12,12.997944
1,0.99999934,-9.067482e-06,-6.568758e-13,14.237637
1,0.9999999,-2.3707564e-06,-2.5657888e-14,15.942385
1,0.99999934,-1.089195e-05,-5.0354984e-13,14.237637
1,0.99507517,-0.032892443,-4.5090703e-05,5.308528
1,0.996968,-0.024859905,-1.1952131e-05,5.795487
1,0.999989,-0.00015214298,-1.6616897e-10,11.415166
1,0.9993589,-0.0058610067,-6.5198776e-07,7.351672
1,0.99236786,-0.05335275,-8.248874e-05,4.8677263
1,0.99998736,-0.00016437024,-2.5171545e-10,11.278934
1,0.98847127,-0.06318851,-0.00026656478,4.4513173
1,0.9997461,-0.002478778,-1.15713405e-07,8.278254
1,0.9989735,-0.009563938,-1.3436264e-06,6.8805623
1,0.9998376,-0.0015899836,-5.2285593e-08,8.725146
1,0.9909417,-0.057698276,-0.00014138206,4.6949744
0,0.062320553,-0.42092156,-4.621147,-2.711117
1,1.0,-6.9679146e-07,-0.0,inf
1,0.99996746,-0.00041639674,-1.3875504e-09,10.332881
1,0.99999857,-2.149658e-05,-4.2309975e-12,13.457478
1,0.9999626,-0.00045260694,-2.1422693e-09,10.194549
1,0.99985915,-0.0014700888,-3.442957e-08,8.867704
1,1.0,-5.291595e-07,-0.0,inf
1,0.99974364,-0.0026777661,-9.394461e-08,8.268673
1,0.99999434,-7.817477e-05,-5.5688357e-11,12.08165
1,0.99999535,-6.748799e-05,-3.0284768e-11,12.278819
1,0.9999847,-0.00020583234,-3.050603e-10,11.086441
1,0.99973184,-0.0028525847,-9.4131174e-08,8.223654
1,0.9999804,-0.0002395263,-7.143627e-10,10.839455
1,1.0,-5.90962e-07,-0.0,inf
1,0.9995246,-0.004428285,-3.6093002e-07,7.6508646
1,0.8426458,-0.45804673,-0.05245554,1.6780475
1,0.9999974,-3.9109866e-05,-8.6634476e-12,12.85134
1,0.9999483,-0.00059903244,-4.3781587e-09,9.870441
1,0.99999964,-6.7374613e-06,-1.6932045e-13,14.843773
1,0.9999999,-3.101623e-06,-3.0647787e-14,15.942385
1,0.68729484,-0.96242136,-0.15319765,0.7875026
1,0.99999803,-2.7716835e-05,-7.492067e-12,13.139023
1,0.99999386,-8.625812e-05,-5.4681253e-11,12.000797
1,0.9999731,-0.0003409693,-1.0513428e-09,10.524038
1,0.9999995,-7.151135e-06,-2.7566865e-13,14.55609
1,0.99983287,-0.0017124107,-4.9467726e-08,8.696563
1,0.9999695,-0.00038526402,-1.317799e-09,10.397177
1,0.9999871,-0.00017687184,-2.0611335e-10,11.2602415
1,0.9999801,-0.00023863793,-7.742221e-10,10.824371
1,0.99997663,-0.00029972178,-7.4767526e-10,10.6642475
1,0.99862206,-0.010620498,-3.723889e-06,6.585787
1,0.99997056,-0.00037242626,-1.1940968e-09,10.432967
1,0.9999995,-8.050756e-06,-4.115153e-13,14.55609
1,0.9999509,-0.00059914583,-3.3866168e-09,9.921312
1,0.9999019,-0.001093498,-1.5223502e-08,9.229331
1,0.9999778,-0.00029467916,-6.2242456e-10,10.716617
1,0.9999988,-2.0762409e-05,-1.8928114e-12,13.639799
1,0.47538257,-1.1007951,-0.5932885,-0.09854938
1,0.99980086,-0.0021308828,-5.4744824e-08,8.521308
1,0.9999974,-3.6543443e-05,-1.3129577e-11,12.85134
1,1.0,-1.01316445e-07,-0.0,inf
1,0.9999851,-0.00020066314,-2.8574063e-10,11.114057
0,0.024498079,-0.117202364,-7.227724,-3.6843574
1,0.9999925,-0.00010342001,-8.7471905e-11,11.799243
1,0.99987304,-0.0013762354,-2.3691666e-08,8.971528
1,0.99818265,-0.014848653,-4.8449942e-06,6.3085594
1,0.9999261,-0.00089346926,-6.7503647e-09,9.512591
1,0.9998737,-0.0013525442,-2.612303e-08,8.9767065
1,0.8806072,-0.49675387,-0.021615284,1.9981927
1,0.9969492,-0.021609504,-1.724276e-05,5.7892947
1,0.99976516,-0.0024117765,-8.558116e-08,8.356361
1,0.9999999,-3.995188e-06,-4.486264e-14,15.942385
1,0.9999944,-7.811915e-05,-4.5045967e-11,12.092232
1,0.9999813,-0.00024447986,-4.751111e-10,10.886121
1,0.99999964,-6.7846313e-06,-1.8818734e-13,14.843773
1,0.99999976,-3.9982588e-06,-8.981774e-14,15.249238
1,0.99974126,-0.0026329083,-1.02890006e-07,8.259414
1,0.7519898,-0.56354606,-0.14112672,1.1092527
1,0.9999436,-0.0006796219,-4.238515e-09,9.783234
1,0.9991105,-0.0071575944,-1.5787118e-06,7.0239835
1,0.9999999,-2.4413937e-06,-1.8240634e-14,15.942385
1,0.9999594,-0.00049940706,-2.2997673e-09,10.11193
1,0.9957885,-0.028972443,-3.217371e-05,5.4657197
1,0.9999896,-0.00014128404,-1.5783355e-10,11.476467
1,0.99705803,-0.020620523,-1.6651156e-05,5.825731
1,0.99999976,-4.197724e-06,-7.5271386e-14,15.249238
1,0.9999928,-0.00010130037,-7.535542e-11,11.839735
1,0.999998,-2.9626166e-05,-6.5954507e-12,13.10917
0,0.31528693,-0.6526149,-1.5676663,-0.77551675
1,0.9989626,-0.008514499,-1.9990348e-06,6.869982
1,0.9999928,-0.00010079742,-8.0140714e-11,11.839735
1,0.99942553,-0.0050196024,-6.216687e-07,7.4614887
1,0.99999905,-1.6173048e-05,-1.1076845e-12,13.862943
1,0.9998833,-0.0011740122,-2.7243289e-08,9.055737
1,0.99955624,-0.003905059,-3.8895035e-07,7.7197905
1,0.9999291,-0.0008196208,-7.371286e-09,9.553753
1,0.99997807,-0.00028220168,-6.846642e-10,10.7274275
1,0.9999907,-0.00012842103,-1.2311753e-10,11.585667
1,0.88981336,-0.4953873,-0.016785044,2.0888362
1,1.0,-4.0647575e-07,-0.0,inf
1,0.9999707,-0.00035520902,-1.3945035e-09,10.437024
1,0.6195966,-1.0702498,-0.24516258,0.4878363
1,0.71012807,-0.8888596,-0.13638778,0.8960061
1,0.9999381,-0.000700108,-6.512762e-09,9.689456
1,0.9999871,-0.00017086853,-2.4813726e-10,11.2602415
1,0.99998343,-0.00021456547,-3.9580864e-10,11.0078945
1,0.9998733,-0.0014312669,-2.1746684e-08,8.973408
1,0.99999195,-0.000108793996,-1.0560832e-10,11.730249
1,0.99999964,-5.126821e-06,-2.1824288e-13,14.843773
0,0.010863559,-0.78376675,-5.2254534,-4.5114183
1,0.99776894,-0.018085748,-7.2897574e-06,6.103044
1,0.9999879,-0.00016880152,-1.805393e-10,11.322314
1,0.99999934,-8.827509e-06,-5.564372e-13,14.237637
1,0.998223,-0.013645232,-5.869164e-06,6.331054
1,0.9999988,-1.797837e-05,-2.3217316e-12,13.639799
1,0.9999801,-0.0002499447,-6.4795713e-10,10.824371
1,0.9999989,-1.696104e-05,-1.778862e-12,13.745159
1,0.9986538,-0.011680243,-2.6130936e-06,6.609144
0,0.0005325658,-0.45703435,-9.059509,-7.5372715
1,0.99999785,-3.3822893e-05,-6.0647585e-12,13.0520115
1,0.99997854,-0.00025637593,-8.740316e-10,10.749407
1,0.9683107,-0.15161505,-0.0018866127,3.4195743
1,0.99778676,-0.017381744,-8.073657e-06,6.111082
1,0.9998078,-0.002159091,-4.499472e-08,8.556652
1,0.99997675,-0.0003026742,-7.168431e-10,10.669362
1,1.0,-5.2203706e-07,-0.0,inf
1,0.9999957,-6.312732e-05,-2.6517023e-11,12.358862
1,0.9999667,-0.0004024152,-1.7513897e-09,10.30935
1,0.9995778,-0.004225396,-2.3919083e-07,7.769657
0,5.1630697e-05,-0.14130859,-13.222181,-9.871343
1,0.999996,-6.0794697e-05,-1.91753e-11,12.430836
1,0.999984,-0.00020760417,-3.9387266e-10,11.044529
1,0.99999195,-0.000111230904,-9.1613814e-11,11.730249
1,0.9991941,-0.0070205964,-1.1275522e-06,7.122727
1,0.999985,-0.00020387315,-2.795727e-10,11.106089
1,0.99845177,-0.012070049,-4.495746e-06,6.4690933
1,0.56147295,-0.95946074,-0.3995244,0.2471421
1,0.9999989,-1.6539507e-05,-2.3005476e-12,13.745159
1,0.9999983,-2.6586495e-05,-4.239882e-12,13.268235
1,0.99997854,-0.00025935343,-8.515817e-10,10.749407
1,0.99861497,-0.011507364,-3.110726e-06,6.580645
1,0.99999464,-7.825435e-05,-3.7406248e-11,12.135717
1,0.99978167,-0.002211764,-7.467008e-08,8.429276
1,0.99999964,-5.105311e-06,-1.7339854e-13,14.843773
1,0.9998996,-0.0010628413,-1.8522957e-08,9.206505
1,0.99999803,-2.8951983e-05,-5.59466e-12,13.139023
1,0.9999976,-3.581562e-05,-7.7092855e-12,12.9466505
1,0.9733105,-0.13911337,-0.0012424914,3.5964317
1,0.9999988,-1.9510962e-05,-2.020012e-12,13.639799
1,0.99999976,-3.198167e-06,-8.967444e-14,15.249238
1,0.9999976,-3.416252e-05,-9.818514e-12,12.9466505
1,0.9997839,-0.0020781413,-9.07028e-08,8.439431
1,0.9999983,-2.477085e-05,-4.0981e-12,13.268235
1,0.9991848,-0.0073168394,-1.0791583e-06,7.111246
1,0.9999924,-0.00010447548,-9.045062e-11,11.783494
1,0.7952392,-0.67556304,-0.06996943,1.3568006
1,0.9999995,-8.199571e-06,-2.7322163e-13,14.55609
1,0.9885633,-0.070897035,-0.00019628106,4.459425
1,0.9999939,-8.42352e-05,-5.71864e-11,12.010553
1,1.0,-9.461414e-08,-0.0,inf
1,0.99985385,-0.0015331693,-3.6220225e-08,8.830727
1,0.999998,-3.1866584e-05,-6.2430677e-12,13.10917
1,0.999995,-7.120198e-05,-3.9334636e-11,12.204711
1,0.99999857,-2.1804513e-05,-2.9990064e-12,13.457478
1,1.0,-7.447019e-08,-0.0,inf
1,0.99996185,-0.00043300507,-2.813408e-09,10.1740265
1,0.99998367,-0.00020718687,-4.5187734e-10,11.0223875
1,0.9999483,-0.00059300376,-4.589543e-09,9.870441
1,0.99998116,-0.00022830234,-6.870703e-10,10.879771
1,0.9999913,-0.00011634483,-1.2643639e-10,11.651917
1,0.9999944,-8.011395e-05,-4.4004876e-11,12.092232
1,0.9999995,-8.539815e-06,-4.996766e-13,14.55609
1,0.9995159,-0.004209055,-4.6458788e-07,7.6327167
1,0.9999993,-1.2713168e-05,-7.187141e-13,14.150625
1,0.9999233,-0.0008976182,-8.367535e-09,9.475387
1,0.9997542,-0.0023672916,-1.1286184e-07,8.310708
1,0.9969951,-0.023930771,-1.28301135e-05,5.8044987
1,0.99999845,-2.3611121e-05,-3.326508e-12,13.377435
1,0.9999688,-0.0003865884,-1.4765339e-09,10.375919
1,0.9994918,-0.0044611283,-4.979721e-07,7.5841484
1,0.9005836,-0.37079036,-0.0181614,2.2037263
1,1.0,-1.1880014e-06,-2.8048643e-15,inf
1,0.99998856,-0.00014965479,-2.1118078e-10,11.378026
1,0.9996946,-0.0031116144,-1.3286684e-07,8.093536
1,0.9999893,-0.0001480891,-1.499058e-10,11.442565
1,0.9973797,-0.019183936,-1.2500699e-05,5.9418507
1,1.0,-1.8185712e-07,-0.0,inf
1,0.99997175,-0.00032603357,-1.5734073e-09,10.474297
1,0.9999907,-0.00012355523,-1.5537661e-10,11.585667
1,0.999998,-2.9674991e-05,-7.300487e-12,13.10917
1,0.9991678,-0.007475506,-1.0130159e-06,7.0906053
1,0.99984926,-0.0016924771,-2.9383367e-08,8.799803
1,0.99999976,-3.206796e-06,-6.6270096e-14,15.249238
1,0.9999993,-1.1664193e-05,-6.846679e-13,14.150625
1,0.9999941,-7.883738e-05,-6.826774e-11,12.040406
1,0.9999957,-6.355648e-05,-2.6284289e-11,12.358862
1,0.999998,-3.12018e-05,-5.1447817e-12,13.10917
1,0.9999988,-1.8246112e-05,-2.8543162e-12,13.639799
1,1.0,-1.250184e-06,-2.5574896e-15,inf
1,0.9989152,-0.009627952,-1.6443837e-06,6.82527
1,0.999912,-0.0009954183,-1.1757977e-08,9.338353
1,0.9999964,-5.126524e-05,-2.0915982e-11,12.541184
1,0.9999968,-4.7886173e-05,-1.5487618e-11,12.646545
1,0.99995196,-0.0005759597,-3.434822e-09,9.9434
1,0.9999665,-0.00038655315,-2.1188167e-09,10.303997
1,0.9999991,-1.3356838e-05,-1.1052391e-12,13.927482
1,1.0,-1.03836044e-07,-0.0,inf
0,0.00041680332,-0.5473321,-9.016464,-7.7824793
1,0.99999964,-5.766685e-06,-1.9214366e-13,14.843773
1,0.999961,-0.00044718193,-2.8725962e-09,10.152386
0,0.00250454,-0.023909245,-11.685762,-5.9871426
1,0.9999832,-0.00023040922,-3.3327432e-10,10.993608
1,0.999996,-5.997439e-05,-2.1328975e-11,12.430836
1,0.9998707,-0.0013790004,-2.6476117e-08,8.953382
1,0.997375,-0.018797414,-1.3255203e-05,5.94005
1,0.99965066,-0.0037395973,-1.4937034e-07,7.9591074
1,0.9999995,-9.267325e-06,-3.3743996e-13,14.55609
1,0.99981725,-0.0017764329,-6.563597e-08,8.607221
1,0.99999666,-4.72841e-05,-2.0822984e-11,12.610177
1,0.999995,-7.327116e-05,-3.3053334e-11,12.204711
1,0.9999535,-0.00055043737,-3.4047158e-09,9.9761915
1,0.9999385,-0.00074727624,-4.974287e-09,9.696217
1,0.999982,-0.00024052561,-4.2152154e-10,10.925087
1,0.9999912,-0.00011930451,-1.2654423e-10,11.638311
1,0.9999207,-0.0008555789,-1.1569827e-08,9.442519
1,0.99995613,-0.000536786,-2.612589e-09,10.034258
1,0.99982774,-0.0018638171,-4.1723958e-08,8.666348
1,0.99999857,-2.197552e-05,-3.1118415e-12,13.457478
1,0.9999868,-0.00017556916,-2.5653016e-10,11.237356
1,0.999995,-6.9627604e-05,-4.3366144e-11,12.204711
1,0.99858916,-0.012068709,-2.857519e-06,6.5621567
1,0.9999983,-2.6329035e-05,-4.6263375e-12,13.268235
1,0.9999993,-1.0842106e-05,-6.9952513e-13,14.150625
1,0.999989,-0.00015259637,-1.644269e-10,11.415166
1,0.9691543,-0.14952865,-0.0017782446,3.4474263
0,0.016750442,-0.34501183,-6.415405,-4.0724382
1,0.9999952,-6.9175774e-05,-3.431504e-11,12.241078
1,1.0,-7.0167926e-07,-2.2335086e-15,inf
1,0.9999517,-0.0005713002,-3.6375158e-09,9.93845
1,0.99959207,-0.00413444,-2.1888098e-07,7.8039966
1,0.99999934,-9.346866e-06,-5.382553e-13,14.237637
1,0.99999774,-3.2601558e-05,-7.318281e-12,12.997944
1,0.99997103,-0.00036278786,-1.246885e-09,10.449295
1,0.99804246,-0.015075237,-6.895551e-06,6.2341094
1,0.9998803,-0.0012183108,-2.7994083e-08,9.030519
1,0.9999408,-0.000689267,-5.428153e-09,9.734742
1,1.0,-4.6797663e-07,-0.0,inf
1,0.9999971,-4.680167e-05,-1.0762471e-11,12.74371
1,0.99994946,-0.0006110143,-3.5884191e-09,9.892601
1,0.99999934,-9.913485e-06,-8.42162e-13,14.237637
1,0.9966928,-0.025946815,-1.4859404e-05,5.7083335
1,0.99968445,-0.0029572404,-1.8230702e-07,8.060887
1,0.99985844,-0.0015225196,-2.9438638e-08,8.862638
1,0.9999999,-2.1955664e-06,-1.6666708e-14,15.942385
1,0.9999918,-0.00010697069,-1.2948376e-10,11.70827
1,0.9999359,-0.000722196,-6.8192962e-09,9.655393
1,0.99952066,-0.004340269,-4.1876814e-07,7.6426196
1,0.99962384,-0.0038574075,-1.8868985e-07,7.8851066
1,0.9999336,-0.0007478171,-7.464984e-09,9.619754
1,1.0,-8.526045e-07,-0.0,inf
1,0.99945295,-0.005052632,-4.989228e-07,7.5104203
1,0.99924093,-0.0068322467,-8.7513035e-07,7.1826634
1,0.9999374,-0.0007008599,-6.775072e-09,9.678925
1,0.9999918,-0.000110638786,-1.1549643e-10,11.70827
1,1.0,-6.0832383e-07,-0.0,inf
1,0.9999999,-2.1702313e-06,-1.944497e-14,15.942385
1,0.9999062,-0.0009955675,-1.6228453e-08,9.274063
0,0.3389082,-0.64925563,-1.4275255,-0.6681634
1,0.9999879,-0.0001531333,-2.8454855e-10,11.322314
1,0.99995625,-0.00054282224,-2.5124298e-09,10.03698
1,0.9999968,-4.664794e-05,-1.481188e-11,12.646545
1,0.99991095,-0.0009495287,-1.4854431e-08,9.326231
1,0.9989371,-0.009306894,-1.6811692e-06,6.845663
0,0.0015608275,-0.014938149,-12.705711,-6.460977
1,0.99996996,-0.0003581434,-1.6040748e-09,10.412926
1,0.99999714,-4.4085653e-05,-1.0806202e-11,12.764328
1,0.9999925,-0.00010473156,-8.191573e-11,11.799243
1,0.983778,-0.09337366,-0.00041715289,4.105032
0,0.45198318,-0.9552971,-0.74331,-0.19266094
1,0.99867916,-0.010983471,-2.8771628e-06,6.6281667
1,0.99999654,-4.6804536e-05,-2.2708366e-11,12.575086
1,0.9999939,-8.367923e-05,-6.4384754e-11,12.010553
1,0.99999934,-9.788415e-06,-5.3765537e-13,14.237637
1,0.9999952,-7.2953975e-05,-3.2113527e-11,12.241078
1,0.9999796,-0.00024877174,-7.735079e-10,10.800701
1,0.9999999,-3.7324578e-06,-4.4965184e-14,15.942385
1,0.9999999,-2.07457e-06,-2.5951026e-14,15.942385
1,0.99997854,-0.00026247668,-8.243538e-10,10.749407
1,0.9999926,-0.00010441839,-7.3723416e-11,11.815244
1,1.0,-6.256932e-07,-0.0,inf
1,0.99985033,-0.0014747084,-4.4587363e-08,8.806947
1,0.9999907,-0.0001293552,-1.1418549e-10,11.585667
1,0.9992498,-0.007077859,-7.686275e-07,7.194442
1,0.99536073,-0.030575957,-4.0963045e-05,5.368549
1,0.99998444,-0.00019165092,-4.7639337e-10,11.070996
1,0.9999218,-0.00088656787,-9.55983e-09,9.456146
1,0.99656326,-0.022930669,-2.3662691e-05,5.669788
1,0.9999993,-1.0277754e-05,-8.1372593e-13,14.150625
1,0.9999999,-2.7353874e-06,-2.3284609e-14,15.942385
1,0.9999995,-1.002179e-05,-3.1972125e-13,14.55609
1,0.9999855,-0.00019011216,-3.2610714e-10,11.142456
1,0.9999926,-0.00010059334,-9.148529e-11,11.815244
1,0.9932307,-0.040566497,-9.195352e-05,4.9885654
1,0.99926615,-0.00716052,-6.71321e-07,7.216469
1,0.5120732,-0.69699216,-0.65229166,0.048302263
1,0.9999517,-0.00056511466,-3.5866776e-09,9.93845
1,0.9999836,-0.0002026378,-5.0339954e-10,11.018744
1,0.99999416,-8.2094564e-05,-5.669172e-11,12.050559
1,0.99713194,-0.020932427,-1.44494015e-05,5.8512487
1,0.8599726,-0.6082705,-0.02717808,1.8150624
1,0.99998385,-0.00020507605,-4.5607718e-10,11.033398
1,0.99998045,-0.00025005065,-5.5395644e-10,10.842499
1,0.99999666,-4.9757065e-05,-1.510488e-11,12.610177
1,0.9999999,-3.3452347e-06,-3.131439e-14,15.942385
1,0.99914545,-0.00807029,-9.5275635e-07,7.0640783
0,0.2983273,-0.61080384,-1.696934,-0.85527587
1,0.99999523,-6.880661e-05,-3.1309587e-11,12.253501
1,0.99999976,-3.5990743e-06,-8.863765e-14,15.249238
1,0.9999971,-4.635905e-05,-1.0837631e-11,12.74371
1,0.9999987,-2.104751e-05,-2.314447e-12,13.544489
1,1.0,-1.277533e-06,-4.164672e-15,inf
1,0.999023,-0.009213974,-1.2402428e-06,6.930067
1,0.9999973,-4.2193813e-05,-9.673445e-12,12.828867
1,0.9999922,-0.00010372659,-1.14155754e-10,11.760327
1,0.99821335,-0.013206897,-6.3290654e-06,6.325625
1,1.0,-9.343272e-07,-2.2119003e-15,inf
1,0.9999807,-0.00025372562,-5.194656e-10,10.85477
1,1.0,-1.2888479e-08,-0.0,inf
1,0.99999154,-0.000119595774,-9.5539715e-11,11.679697
1,0.98616815,-0.085121416,-0.0002948429,4.266853
1,0.99999905,-1.571647e-05,-1.141704e-12,13.862943
1,0.99998,-0.00025836987,-6.11188e-10,10.818401
1,0.9999708,-0.00033943157,-1.6328862e-09,10.441097
1,0.9999509,-0.0005751778,-3.5852306e-09,9.921312
1,0.9946544,-0.03667297,-4.8919766e-05,5.226125
1,0.99973947,-0.0025430592,-1.1934071e-07,8.252524
1,0.9999672,-0.00041658536,-1.3921483e-09,10.325582
1,0.99981487,-0.001985227,-4.950023e-08,8.594256
1,0.9991378,-0.007814939,-1.1311294e-06,7.0551825
1,0.9937179,-0.042991474,-6.5166925e-05,5.0637503
1,0.9999999,-2.1137198e-06,-2.0094422e-14,15.942385
1,0.9999912,-0.0001242609,-1.0061955e-10,11.638311
1,0.99986327,-0.0014342522,-3.26669e-08,8.897344
1,0.9994527,-0.004834988,-5.505387e-07,7.5099845
1,0.99999964,-6.575878e-06,-1.935478e-13,14.843773
1,1.0,-3.6626676e-07,-0.0,inf
1,0.99999976,-4.6416935e-06,-7.776981e-14,15.249238
1,0.9999993,-1.1103255e-05,-6.518956e-13,14.150625
1,0.888982,-0.40621674,-0.022972342,2.0803847
1,0.9987397,-0.010090999,-2.9628509e-06,6.67516
1,0.9999042,-0.0010264134,-1.625457e-08,9.253312
1,0.999791,-0.002011184,-8.496868e-08,8.473092
1,0.99998105,-0.00025051332,-4.7654575e-10,10.873462
1,0.9997539,-0.002341085,-1.1632735e-07,8.309496
1,0.9999963,-5.4607823e-05,-1.9147286e-11,12.508394
1,0.9999828,-0.00021601171,-5.157319e-10,10.969089
1,0.99799895,-0.015309823,-7.3691904e-06,6.2120814
1,1.0,-3.4996867e-07,-0.0,inf
1,0.998895,-0.00968088,-1.855226e-06,6.8067946
1,0.999998,-3.0971107e-05,-6.6143007e-12,13.10917
1,0.9999699,-0.00036915427,-1.4237668e-09,10.410944
1,0.9999849,-0.00019223736,-4.0392645e-10,11.102128
1,0.9998713,-0.0013498721,-2.9091773e-08,8.958003
1,0.99988645,-0.0011982839,-2.2915696e-08,9.083181
1,0.9992884,-0.0072096884,-5.92211e-07,7.247255
1,0.9999999,-2.3888672e-06,-2.067375e-14,15.942385
1,0.9999964,-5.2878655e-05,-1.6410845e-11,12.541184
1,0.99995667,-0.00051747914,-2.9018197e-09,10.046562
1,0.9999939,-8.350371e-05,-5.929789e-11,12.010553
1,0.99999225,-0.00010047581,-1.1385161e-10,11.76799
1,0.93831813,-0.2829789,-0.0060199853,2.722099
1,0.9999911,-0.00011487808,-1.506916e-10,11.6315775
1,0.99999934,-9.038346e-06,-7.2890934e-13,14.237637
1,0.9999969,-4.685529e-05,-1.2540857e-11,12.684285
1,1.0,-8.013064e-07,-2.2302564e-15,inf
1,0.99999774,-3.398479e-05,-8.660537e-12,12.997944
1,0.9999004,-0.0010206057,-1.9792338e-08,9.214255
1,0.99998796,-0.00016014189,-2.1147623e-10,11.327252
1,0.99999475,-7.2105875e-05,-4.9274983e-11,12.158191
1,0.99989355,-0.0012505029,-1.4374163e-08,9.147692
1,0.99439853,-0.04034034,-4.585043e-05,5.1791096
1,0.99999934,-9.470981e-06,-7.3112995e-13,14.237637
1,0.9997402,-0.0025230774,-1.2188339e-07,8.255275
1,0.9973724,-0.020793261,-1.0446277e-05,5.9390492
1,0.9999944,-8.096134e-05,-4.002136e-11,12.092232
1,1.0,-6.851369e-07,-1.9282642e-15,inf
1,0.9999688,-0.0003747098,-1.5633163e-09,10.375919
1,0.8813147,-0.4087334,-0.027067978,2.0049393
1,0.999735,-0.0024858124,-1.3647947e-07,8.235507
1,0.99999803,-3.080234e-05,-5.12137e-12,13.139023
1,0.99967265,-0.0032082198,-1.7507827e-07,8.024158
1,0.9992842,-0.0068549397,-6.872254e-07,7.2414045
1,0.897644,-0.41487518,-0.018094636,2.1713164
1,0.99984497,-0.0016928001,-3.2882607e-08,8.771726
1,0.9999831,-0.00022097732,-4.1047726e-10,10.986541
1,0.99989367,-0.001174819,-1.7277491e-08,9.148812
1,0.999905,-0.0011011108,-1.2036757e-08,9.2614355
1,0.99987835,-0.0013382782,-2.2097677e-08,9.014215
1,0.99985206,-0.001616902,-3.2254093e-08,8.818564
1,0.99999434,-7.982745e-05,-4.9943102e-11,12.08165
1,0.99999964,-5.613818e-06,-1.7016038e-13,14.843773
1,0.99824595,-0.014017704,-5.181451e-06,6.3440747
1,0.9979952,-0.017486272,-5.128578e-06,6.210203
1,0.9766458,-0.12644547,-0.000843072,3.7333484
1,0.9999732,-0.00035309698,-8.7835883e-10,10.526258
1,1.0,-1.0377629e-07,-0.0,inf
1,0.9999983,-2.6171956e-05,-3.625215e-12,13.268235
1,0.999998,-3.194122e-05,-5.7006145e-12,13.10917
1,0.9999983,-2.679547e-05,-3.8560574e-12,13.268235
1,0.99999964,-7.1810987e-06,-2.1807548e-13,14.843773
1,1.0,-8.781003e-07,-0.0,inf
1,0.99998146,-0.00024516814,-4.7443593e-10,10.8957205
1,0.99991363,-0.00097033137,-1.1904821e-08,9.356817
1,0.9999093,-0.00094110944,-1.6301565e-08,9.307661
1,0.99998873,-0.00015138151,-1.8969698e-10,11.393774
1,0.99999905,-1.4476953e-05,-1.1577281e-12,13.862943
1,0.9912205,-0.06075741,-0.00010421646,4.726515
1,0.998544,-0.011903289,-3.699304e-06,6.53059
1,1.0,-2.185773e-07,-0.0,inf
1,0.9999963,-5.3044878e-05,-2.0187192e-11,12.508394
1,0.9999357,-0.00075049524,-5.958917e-09,9.651678
1,0.99998534,-0.00020201459,-2.6717512e-10,11.130186
1,0.9999989,-1.6311693e-05,-2.0632187e-12,13.745159
1,0.9999608,-0.0004793949,-2.1353785e-09,10.146288
1,0.9999999,-2.8702907e-06,-2.2757995e-14,15.942385
1,0.99999976,-2.590785e-06,-6.360624e-14,15.249238
1,0.9999233,-0.0009017104,-8.058788e-09,9.475387
1,0.999998,-3.072078e-05,-6.6061106e-12,13.10917
1,0.99999964,-4.9682926e-06,-1.5012504e-13,14.843773
1,1.0,-7.5622165e-07,-0.0,inf
1,0.99999225,-0.00010992127,-7.634303e-11,11.76799
1,0.99993354,-0.0007478165,-7.51195e-09,9.618856
1,0.9999755,-0.0003186881,-7.9645956e-10,10.616915
1,0.9968908,-0.023886079,-1.4868616e-05,5.7702703
1,0.99929374,-0.006507058,-7.4885855e-07,7.254827
1,0.9999366,-0.00072828104,-6.3253944e-09,9.665678
1,0.9999933,-9.580353e-05,-5.4807384e-11,11.9170265
1,0.999987,-0.00016416301,-3.085792e-10,11.251024
1,0.99996436,-0.00041263484,-2.378918e-09,10.241906
1,0.9980889,-0.014799405,-6.5838144e-06,6.2581615
